[
  {
    "id": "25675bb1-5054-423f-908d-14d69803c470",
    "data": [
      {
        "text": "Medication",
        "userDefined": false
      }
    ],
    "isTemplate": false,
    "count": 0,
    "updated": 0
  },
  {
    "id": "04aa04ee-d54a-4365-94ff-516438b4d645",
    "data": [
      {
        "text": "Weight Gain",
        "userDefined": false
      }
    ],
    "isTemplate": false,
    "count": 0,
    "updated": 0
  },
  {
    "id": "fe71df92-7c6b-40b1-9660-2f18f3e292d0",
    "data": [
      {
        "text": "Weight Loss",
        "userDefined": false
      }
    ],
    "isTemplate": false,
    "count": 0,
    "updated": 0
  }
]