[
  {
    "id": "3ca5669d-9da6-4ee9-9240-ef127d587503",
    "data": [
      {
        "text": "Connect to HealthTrackers",
        "userDefined": false
      }
    ],
    "isTemplate": false,
    "count": 0,
    "updated": 0
  },
  {
    "id": "4c70698e-35f1-4b83-984e-89b02966cbb8",
    "data": [
      {
        "text": "Connect to Health Trackers",
        "userDefined": false
      }
    ],
    "isTemplate": false,
    "count": 0,
    "updated": 0
  },
  {
    "id": "77c0aa96-28dd-491f-a96d-b602aa6c7167",
    "data": [
      {
        "text": "Connect to Heath Trackers",
        "userDefined": false
      }
    ],
    "isTemplate": false,
    "count": 1,
    "updated": 0
  }
]