[
  {
    "id": "29cdbe7b-4c72-4d73-a85c-82c8e347d106",
    "data": [
      {
        "text": "LOGIN",
        "userDefined": false
      }
    ],
    "isTemplate": false,
    "count": 0,
    "updated": 0
  },
  {
    "id": "89d4e7f5-862e-466b-877c-1f5606bed9e6",
    "data": [
      {
        "text": "Hi ",
        "userDefined": false
      },
      {
        "text": "Alice",
        "alias": "given-name",
        "meta": "@sys.given-name",
        "userDefined": false
      }
    ],
    "isTemplate": false,
    "count": 0,
    "updated": 0
  }
]