[
  {
    "id": "23afe20d-a1ba-4e03-824d-447d66a90c2a",
    "data": [
      {
        "text": "Back to Menu",
        "userDefined": false
      }
    ],
    "isTemplate": false,
    "count": 0,
    "updated": 0
  },
  {
    "id": "232d2728-7982-42de-be11-d1c59504913d",
    "data": [
      {
        "text": "Menu",
        "userDefined": false
      }
    ],
    "isTemplate": false,
    "count": 0,
    "updated": 0
  },
  {
    "id": "001d04d0-d396-412a-b843-d94931816bb0",
    "data": [
      {
        "text": "Manisha",
        "alias": "given-name",
        "meta": "@sys.given-name",
        "userDefined": true
      }
    ],
    "isTemplate": false,
    "count": 0,
    "updated": 0
  },
  {
    "id": "4775f510-30e1-4201-9f18-9b03c614d6db",
    "data": [
      {
        "text": "Vipul",
        "alias": "given-name",
        "meta": "@sys.given-name",
        "userDefined": true
      }
    ],
    "isTemplate": false,
    "count": 0,
    "updated": 0
  },
  {
    "id": "a9468a07-fac2-455d-b0fa-68920e8e891b",
    "data": [
      {
        "text": "Rashmi",
        "alias": "given-name",
        "meta": "@sys.given-name",
        "userDefined": true
      }
    ],
    "isTemplate": false,
    "count": 0,
    "updated": 0
  },
  {
    "id": "93a39bdc-faeb-4298-ba0f-1050abca67f4",
    "data": [
      {
        "text": "My name is ",
        "userDefined": false
      },
      {
        "text": "Shilpa",
        "alias": "given-name",
        "meta": "@sys.given-name",
        "userDefined": false
      }
    ],
    "isTemplate": false,
    "count": 0,
    "updated": 0
  },
  {
    "id": "5a72d34b-9423-4bb9-bd8c-932765e87828",
    "data": [
      {
        "text": "My name is ",
        "userDefined": false
      },
      {
        "text": "Gopala",
        "alias": "given-name",
        "meta": "@sys.given-name",
        "userDefined": false
      }
    ],
    "isTemplate": false,
    "count": 0,
    "updated": 0
  }
]