[
  {
    "id": "1ab076e8-d6c2-4842-a403-125b53b903e0",
    "data": [
      {
        "text": "Okay go to Menu",
        "userDefined": false
      }
    ],
    "isTemplate": false,
    "count": 0,
    "updated": 0
  },
  {
    "id": "283dfb5b-86fe-469e-a8bc-c18e590a9e9f",
    "data": [
      {
        "text": "start",
        "userDefined": false
      }
    ],
    "isTemplate": false,
    "count": 0,
    "updated": 0
  },
  {
    "id": "0e57b375-1fef-45f4-be6b-1dc3f31d899b",
    "data": [
      {
        "text": "Go back to start",
        "userDefined": false
      }
    ],
    "isTemplate": false,
    "count": 0,
    "updated": 0
  },
  {
    "id": "da4fa6d9-00da-4fc4-b5e4-27386f078c85",
    "data": [
      {
        "text": "Menu options",
        "userDefined": false
      }
    ],
    "isTemplate": false,
    "count": 0,
    "updated": 0
  },
  {
    "id": "0fa1e50f-2cc5-4b52-9090-1012ecea2d81",
    "data": [
      {
        "text": "How Can you help me",
        "userDefined": false
      }
    ],
    "isTemplate": false,
    "count": 0,
    "updated": 0
  },
  {
    "id": "987db2a0-e079-42a5-9bb5-6c7c63e5f979",
    "data": [
      {
        "text": "Menu",
        "userDefined": false
      }
    ],
    "isTemplate": false,
    "count": 0,
    "updated": 0
  },
  {
    "id": "b6d5a7c4-3d1e-40b0-8a2a-3c03cd57dda1",
    "data": [
      {
        "text": "Please show the menu",
        "userDefined": false
      }
    ],
    "isTemplate": false,
    "count": 0,
    "updated": 0
  }
]