[
  {
    "id": "92d9c377-087b-46f7-8bd7-2544f0ef7987",
    "data": [
      {
        "text": "Tips for ",
        "userDefined": false
      },
      {
        "text": "good",
        "alias": "mentalhealthexpression",
        "meta": "@MentalHealthExpression",
        "userDefined": false
      },
      {
        "text": " sleep",
        "userDefined": false
      }
    ],
    "isTemplate": false,
    "count": 0,
    "updated": 0
  },
  {
    "id": "f606756d-e132-47d2-a0b2-ca70fe131efd",
    "data": [
      {
        "text": "I m not able to sleep",
        "userDefined": false
      }
    ],
    "isTemplate": false,
    "count": 0,
    "updated": 0
  },
  {
    "id": "d9915565-4762-4e42-9fb6-e6c65a85c17d",
    "data": [
      {
        "text": "Sleep tips",
        "userDefined": false
      }
    ],
    "isTemplate": false,
    "count": 0,
    "updated": 0
  },
  {
    "id": "561cf5e0-29da-4c87-bb22-549b749f91dd",
    "data": [
      {
        "text": "How can I have ",
        "userDefined": false
      },
      {
        "text": "Good",
        "alias": "mentalhealthexpression",
        "meta": "@MentalHealthExpression",
        "userDefined": false
      },
      {
        "text": " Sleep?",
        "userDefined": false
      }
    ],
    "isTemplate": false,
    "count": 0,
    "updated": 0
  }
]