[
  {
    "id": "98d442e8-e907-4cb4-a74c-e459c1fc5b80",
    "data": [
      {
        "text": "ज़रूर",
        "userDefined": true
      }
    ],
    "isTemplate": false,
    "count": 0,
    "updated": 0
  },
  {
    "id": "ca1cdfdf-1397-4a4a-a5b8-bcecdb44a8f9",
    "data": [
      {
        "text": "यह सही है!",
        "userDefined": true
      }
    ],
    "isTemplate": false,
    "count": 0,
    "updated": 0
  },
  {
    "id": "8666735b-dd61-4674-98e6-e819b1b0f774",
    "data": [
      {
        "text": "मुझे फ़र्क नहीं पड़ता",
        "userDefined": true
      }
    ],
    "isTemplate": false,
    "count": 0,
    "updated": 0
  },
  {
    "id": "e375c8fe-e8c7-4bea-844b-70f7cfdeb505",
    "data": [
      {
        "text": "हाँ",
        "userDefined": true
      }
    ],
    "isTemplate": false,
    "count": 0,
    "updated": 0
  },
  {
    "id": "db40780d-821e-43a1-9a93-373564df20c7",
    "data": [
      {
        "text": "अच्छा लग रहा है",
        "userDefined": true
      }
    ],
    "isTemplate": false,
    "count": 0,
    "updated": 0
  },
  {
    "id": "45a6bb11-70e1-4e63-90d7-285973102b67",
    "data": [
      {
        "text": "मैं सहमत हूँ",
        "userDefined": true
      }
    ],
    "isTemplate": false,
    "count": 0,
    "updated": 0
  },
  {
    "id": "eb48c1b0-b4b8-44e3-b209-1c30c03abbde",
    "data": [
      {
        "text": "बेशक",
        "userDefined": true
      }
    ],
    "isTemplate": false,
    "count": 0,
    "updated": 0
  },
  {
    "id": "1f85eb1c-f8b7-48c5-8012-9b0397df34f7",
    "data": [
      {
        "text": "अभी करो",
        "userDefined": true
      }
    ],
    "isTemplate": false,
    "count": 0,
    "updated": 0
  },
  {
    "id": "1b88ef41-1b11-4c09-a9c1-0d60255fa1a2",
    "data": [
      {
        "text": "बिलकुल",
        "userDefined": true
      }
    ],
    "isTemplate": false,
    "count": 0,
    "updated": 0
  },
  {
    "id": "b0a671a1-587e-402e-98bf-6a9b2d906862",
    "data": [
      {
        "text": "पक्का ना",
        "userDefined": false
      }
    ],
    "isTemplate": false,
    "count": 0,
    "updated": 0
  }
]