[
  {
    "id": "e701e3f4-322c-417c-903f-4c2913635b9b",
    "data": [
      {
        "text": "is it true that, hand washing protect us from diseases?",
        "userDefined": false
      }
    ],
    "isTemplate": false,
    "count": 0,
    "updated": 0
  },
  {
    "id": "d1d6f42e-bdc1-4109-8c24-dbcae733e6f5",
    "data": [
      {
        "text": "does hand washing protect us from diseases?",
        "userDefined": false
      }
    ],
    "isTemplate": false,
    "count": 0,
    "updated": 0
  },
  {
    "id": "5566a4ac-e9e5-4dca-a9e4-f1d8c8adf6c3",
    "data": [
      {
        "text": "How does hand washing protect us from diseases?",
        "userDefined": false
      }
    ],
    "isTemplate": false,
    "count": 0,
    "updated": 0
  }
]