[
  {
    "id": "487d6387-217e-47ec-a051-33c00cce32e5",
    "data": [
      {
        "text": "ज़रूर",
        "userDefined": true
      }
    ],
    "isTemplate": false,
    "count": 0,
    "updated": 0
  },
  {
    "id": "79201e09-ee91-497c-92e2-3a6c7a5add2d",
    "data": [
      {
        "text": "यह सही है!",
        "userDefined": true
      }
    ],
    "isTemplate": false,
    "count": 0,
    "updated": 0
  },
  {
    "id": "359f4dd3-1184-4e0c-baba-053a8c64c68b",
    "data": [
      {
        "text": "मुझे फ़र्क नहीं पड़ता",
        "userDefined": true
      }
    ],
    "isTemplate": false,
    "count": 0,
    "updated": 0
  },
  {
    "id": "f7cb6182-4dbf-4433-9944-84ab3170d162",
    "data": [
      {
        "text": "हाँ",
        "userDefined": true
      }
    ],
    "isTemplate": false,
    "count": 0,
    "updated": 0
  },
  {
    "id": "d44d3b27-f822-4ed1-b717-12ba7a9260c2",
    "data": [
      {
        "text": "अच्छा लग रहा है",
        "userDefined": true
      }
    ],
    "isTemplate": false,
    "count": 0,
    "updated": 0
  },
  {
    "id": "dbbbd0cc-ba70-4d9c-abdd-4b4956938b32",
    "data": [
      {
        "text": "मैं सहमत हूँ",
        "userDefined": true
      }
    ],
    "isTemplate": false,
    "count": 0,
    "updated": 0
  },
  {
    "id": "61014253-c13b-4c6a-9ea0-f225e027c374",
    "data": [
      {
        "text": "बेशक",
        "userDefined": true
      }
    ],
    "isTemplate": false,
    "count": 0,
    "updated": 0
  },
  {
    "id": "281db8a2-1566-4def-a34f-5bc6ab76f13d",
    "data": [
      {
        "text": "अभी करो",
        "userDefined": true
      }
    ],
    "isTemplate": false,
    "count": 0,
    "updated": 0
  },
  {
    "id": "fb7bc505-4d4d-4ed9-8346-b9454a68a56f",
    "data": [
      {
        "text": "बिलकुल",
        "userDefined": true
      }
    ],
    "isTemplate": false,
    "count": 0,
    "updated": 0
  },
  {
    "id": "4f62e162-c556-47c7-8880-04837a9f7aef",
    "data": [
      {
        "text": "पक्का ना",
        "userDefined": false
      }
    ],
    "isTemplate": false,
    "count": 0,
    "updated": 0
  }
]