[
  {
    "id": "58669ee0-95af-4714-a219-8ee8502ac7cd",
    "data": [
      {
        "text": "Dont know, check symptoms",
        "userDefined": false
      }
    ],
    "isTemplate": false,
    "count": 0,
    "updated": 0
  },
  {
    "id": "2598d63d-0279-4394-931e-0460544388ed",
    "data": [
      {
        "text": "Check my symptoms",
        "userDefined": false
      }
    ],
    "isTemplate": false,
    "count": 0,
    "updated": 0
  },
  {
    "id": "91f69c33-8451-4ead-8434-39daa5728d51",
    "data": [
      {
        "text": "Symptom Checks",
        "userDefined": false
      }
    ],
    "isTemplate": false,
    "count": 0,
    "updated": 0
  }
]