[
  {
    "id": "f31f2856-aa42-46bf-b87e-d8c80693764f",
    "data": [
      {
        "text": "बिलकुल नहीं",
        "userDefined": true
      }
    ],
    "isTemplate": false,
    "count": 0,
    "updated": 0
  },
  {
    "id": "906d907e-1bcd-4a45-9161-4fa5538dfbb2",
    "data": [
      {
        "text": "शुक्रिया, लेकिन नहीं",
        "userDefined": true
      }
    ],
    "isTemplate": false,
    "count": 0,
    "updated": 0
  },
  {
    "id": "e63ded39-ee7c-4357-a86e-7dcf360d95ab",
    "data": [
      {
        "text": "नहीं",
        "userDefined": true
      }
    ],
    "isTemplate": false,
    "count": 0,
    "updated": 0
  },
  {
    "id": "a20aa212-0ef1-4cc8-af38-c425938cc3d1",
    "data": [
      {
        "text": "मुझे नहीं लगता",
        "userDefined": true
      }
    ],
    "isTemplate": false,
    "count": 0,
    "updated": 0
  },
  {
    "id": "5864d63b-97cc-4325-9f23-cf7b3f51b243",
    "data": [
      {
        "text": "मुझे नहीं चाहिए",
        "userDefined": true
      }
    ],
    "isTemplate": false,
    "count": 0,
    "updated": 0
  },
  {
    "id": "a1f4c291-8836-4e80-aeb4-fe98af1a1891",
    "data": [
      {
        "text": "मत करो",
        "userDefined": true
      }
    ],
    "isTemplate": false,
    "count": 0,
    "updated": 0
  },
  {
    "id": "adc22174-82f4-4620-9d21-eeacf8238dc7",
    "data": [
      {
        "text": "जी नहीं",
        "userDefined": true
      }
    ],
    "isTemplate": false,
    "count": 0,
    "updated": 0
  },
  {
    "id": "a7bc0b9a-12d3-4187-a9f1-f289d8530929",
    "data": [
      {
        "text": "मैं नहीं मानती",
        "userDefined": true
      }
    ],
    "isTemplate": false,
    "count": 0,
    "updated": 0
  },
  {
    "id": "a9f21bb6-6e7b-4a4d-9f88-82a39259a2ec",
    "data": [
      {
        "text": "कोई दिलचस्पी नहीं",
        "userDefined": true
      }
    ],
    "isTemplate": false,
    "count": 0,
    "updated": 0
  }
]