[
  {
    "id": "a3833b04-cdf3-4867-bab5-83c52152aecd",
    "data": [
      {
        "text": "relaxing music",
        "userDefined": false
      }
    ],
    "isTemplate": false,
    "count": 0,
    "updated": 0
  },
  {
    "id": "19706614-9b22-4ef9-9ab0-5f00d7db2242",
    "data": [
      {
        "text": "play music",
        "userDefined": false
      }
    ],
    "isTemplate": false,
    "count": 0,
    "updated": 0
  },
  {
    "id": "c916bfa8-9254-437d-933f-52274c1039ff",
    "data": [
      {
        "text": "play some songs",
        "userDefined": false
      }
    ],
    "isTemplate": false,
    "count": 0,
    "updated": 0
  }
]