[
  {
    "id": "d9641550-d44a-4723-a986-1ac8680b4fba",
    "data": [
      {
        "text": "I\u0027am feeling low",
        "userDefined": false
      }
    ],
    "isTemplate": false,
    "count": 0,
    "updated": 0
  },
  {
    "id": "ce1539a2-c61f-44bd-9e55-f6e200dbb225",
    "data": [
      {
        "text": "I am feeling down",
        "userDefined": false
      }
    ],
    "isTemplate": false,
    "count": 0,
    "updated": 0
  },
  {
    "id": "6728911e-2d5a-44ec-9d83-287507213ab4",
    "data": [
      {
        "text": "I am sad",
        "userDefined": false
      }
    ],
    "isTemplate": false,
    "count": 0,
    "updated": 0
  },
  {
    "id": "1694d2b5-61b9-46b1-8775-b22c90df2751",
    "data": [
      {
        "text": "sad",
        "userDefined": false
      }
    ],
    "isTemplate": false,
    "count": 0,
    "updated": 0
  }
]