[
  {
    "id": "0be7b1a8-821a-4922-b0ef-e75fcb631972",
    "data": [
      {
        "text": "I\u0027am anxious",
        "userDefined": false
      }
    ],
    "isTemplate": false,
    "count": 0,
    "updated": 0
  },
  {
    "id": "fcd52078-5c8a-4705-b797-d37e3404a378",
    "data": [
      {
        "text": "I\u0027m sad",
        "userDefined": false
      }
    ],
    "isTemplate": false,
    "count": 0,
    "updated": 0
  },
  {
    "id": "5cd4b62f-a90c-432f-bd9f-ba58959ed044",
    "data": [
      {
        "text": "I\u0027am feeling good",
        "userDefined": false
      }
    ],
    "isTemplate": false,
    "count": 0,
    "updated": 0
  },
  {
    "id": "4f213c0f-bc34-45cd-9669-c9ff63eab6f8",
    "data": [
      {
        "text": "good",
        "userDefined": false
      }
    ],
    "isTemplate": false,
    "count": 0,
    "updated": 0
  }
]