[
  {
    "id": "bdedc49b-d4cf-492e-91df-4f3c4a5ed3ce",
    "data": [
      {
        "text": "ज़रूर",
        "userDefined": true
      }
    ],
    "isTemplate": false,
    "count": 0,
    "updated": 0
  },
  {
    "id": "fc6a7076-ab62-4115-a404-bf99a68ca7d1",
    "data": [
      {
        "text": "यह सही है!",
        "userDefined": true
      }
    ],
    "isTemplate": false,
    "count": 0,
    "updated": 0
  },
  {
    "id": "c10d8203-2cbb-4a1d-a451-da05a2d17e76",
    "data": [
      {
        "text": "मुझे फ़र्क नहीं पड़ता",
        "userDefined": true
      }
    ],
    "isTemplate": false,
    "count": 0,
    "updated": 0
  },
  {
    "id": "c16288a8-1af9-45f1-a0ba-0a3413c76817",
    "data": [
      {
        "text": "हाँ",
        "userDefined": true
      }
    ],
    "isTemplate": false,
    "count": 0,
    "updated": 0
  },
  {
    "id": "0af4df89-bfeb-452d-8c27-ea9af053c7a9",
    "data": [
      {
        "text": "अच्छा लग रहा है",
        "userDefined": true
      }
    ],
    "isTemplate": false,
    "count": 0,
    "updated": 0
  },
  {
    "id": "21325cbf-ee4b-4db9-938b-2da11679dd9b",
    "data": [
      {
        "text": "मैं सहमत हूँ",
        "userDefined": true
      }
    ],
    "isTemplate": false,
    "count": 0,
    "updated": 0
  },
  {
    "id": "d829cf95-ef2c-4c8f-a08f-6eec0a0e0ea9",
    "data": [
      {
        "text": "बेशक",
        "userDefined": true
      }
    ],
    "isTemplate": false,
    "count": 0,
    "updated": 0
  },
  {
    "id": "a4935127-efe5-408d-92f3-35865652497b",
    "data": [
      {
        "text": "अभी करो",
        "userDefined": true
      }
    ],
    "isTemplate": false,
    "count": 0,
    "updated": 0
  },
  {
    "id": "f9e7b28b-4f24-41b7-92b7-4987bcadda26",
    "data": [
      {
        "text": "बिलकुल",
        "userDefined": true
      }
    ],
    "isTemplate": false,
    "count": 0,
    "updated": 0
  },
  {
    "id": "c60051ff-8593-4b42-967e-b5f62ae12877",
    "data": [
      {
        "text": "पक्का ना",
        "userDefined": false
      }
    ],
    "isTemplate": false,
    "count": 0,
    "updated": 0
  }
]