[
  {
    "id": "ecc8c0a6-b2aa-49c0-ab91-d8d5e8ef8032",
    "data": [
      {
        "text": "बिलकुल नहीं",
        "userDefined": true
      }
    ],
    "isTemplate": false,
    "count": 0,
    "updated": 0
  },
  {
    "id": "9b0528bd-617c-48d4-a6a7-b913f42c0a20",
    "data": [
      {
        "text": "शुक्रिया, लेकिन नहीं",
        "userDefined": true
      }
    ],
    "isTemplate": false,
    "count": 0,
    "updated": 0
  },
  {
    "id": "f9330af1-cddc-43fd-9e6f-f46b5ba11e0b",
    "data": [
      {
        "text": "नहीं",
        "userDefined": true
      }
    ],
    "isTemplate": false,
    "count": 0,
    "updated": 0
  },
  {
    "id": "0e8a2916-d517-4155-a028-bb6cad8a6847",
    "data": [
      {
        "text": "मुझे नहीं लगता",
        "userDefined": true
      }
    ],
    "isTemplate": false,
    "count": 0,
    "updated": 0
  },
  {
    "id": "ff1d8642-a373-4f03-a8fd-6f05926cab71",
    "data": [
      {
        "text": "मुझे नहीं चाहिए",
        "userDefined": true
      }
    ],
    "isTemplate": false,
    "count": 0,
    "updated": 0
  },
  {
    "id": "d66998c1-cff6-463d-8788-00fa8cdec394",
    "data": [
      {
        "text": "मत करो",
        "userDefined": true
      }
    ],
    "isTemplate": false,
    "count": 0,
    "updated": 0
  },
  {
    "id": "4bb181b7-054e-4069-aa43-6073ecc3e72f",
    "data": [
      {
        "text": "जी नहीं",
        "userDefined": true
      }
    ],
    "isTemplate": false,
    "count": 0,
    "updated": 0
  },
  {
    "id": "1c4da5e8-a724-4926-86de-c6de1abd90ee",
    "data": [
      {
        "text": "मैं नहीं मानती",
        "userDefined": true
      }
    ],
    "isTemplate": false,
    "count": 0,
    "updated": 0
  },
  {
    "id": "c97936a8-4ddd-4d2a-9898-1a18e4efdb13",
    "data": [
      {
        "text": "कोई दिलचस्पी नहीं",
        "userDefined": true
      }
    ],
    "isTemplate": false,
    "count": 0,
    "updated": 0
  }
]