[
  {
    "id": "7d20aa73-2327-4d3c-b19d-8703bce74f17",
    "data": [
      {
        "text": "Can you suggest me some nearby Pilate Classes?",
        "userDefined": false
      }
    ],
    "isTemplate": false,
    "count": 0,
    "updated": 0
  },
  {
    "id": "0b781bc7-4408-466c-b623-d67698a30d30",
    "data": [
      {
        "text": "Can you suggest me some nearby ",
        "userDefined": false
      },
      {
        "text": "Zumba",
        "alias": "Nearby",
        "meta": "@Nearby",
        "userDefined": false
      },
      {
        "text": " Classes?",
        "userDefined": false
      }
    ],
    "isTemplate": false,
    "count": 0,
    "updated": 0
  },
  {
    "id": "0452e7d2-9b6c-4536-8b8e-018317b34d5b",
    "data": [
      {
        "text": "Can you suggest me some ",
        "userDefined": false
      },
      {
        "text": "nearby",
        "alias": "Nearby",
        "meta": "@Nearby",
        "userDefined": false
      },
      {
        "text": " Yoga?",
        "userDefined": false
      }
    ],
    "isTemplate": false,
    "count": 0,
    "updated": 0
  },
  {
    "id": "ec044fb9-700d-48f2-aa79-a5b59a405117",
    "data": [
      {
        "text": "Gyms in my area",
        "userDefined": false
      }
    ],
    "isTemplate": false,
    "count": 0,
    "updated": 0
  },
  {
    "id": "3fef094e-8307-4c4d-83ee-fa939de8eb79",
    "data": [
      {
        "text": "Nearby",
        "alias": "Nearby",
        "meta": "@Nearby",
        "userDefined": true
      },
      {
        "text": " Fitness Places",
        "userDefined": false
      }
    ],
    "isTemplate": false,
    "count": 0,
    "updated": 0
  },
  {
    "id": "249616b3-4db5-4555-8a60-9323b35af043",
    "data": [
      {
        "text": "Nearby ",
        "userDefined": false
      },
      {
        "text": "Gym",
        "alias": "Nearby",
        "meta": "@Nearby",
        "userDefined": true
      }
    ],
    "isTemplate": false,
    "count": 0,
    "updated": 0
  },
  {
    "id": "aa097e06-aa13-4b4b-ba69-afc08e83540f",
    "data": [
      {
        "text": "Can you suggest me some ",
        "userDefined": false
      },
      {
        "text": "nearby",
        "alias": "Nearby",
        "meta": "@Nearby",
        "userDefined": true
      },
      {
        "text": " gym?",
        "userDefined": false
      }
    ],
    "isTemplate": false,
    "count": 0,
    "updated": 0
  }
]