[
  {
    "id": "7487582b-a26b-4a83-a9fb-eee064bb1c73",
    "data": [
      {
        "text": "yes",
        "userDefined": false
      }
    ],
    "isTemplate": false,
    "count": 1,
    "updated": 0
  },
  {
    "id": "33c1b5b1-5fbf-4449-ad46-565bb1180f1c",
    "data": [
      {
        "text": "okay I will",
        "userDefined": false
      }
    ],
    "isTemplate": false,
    "count": 2,
    "updated": 0
  },
  {
    "id": "942c3e0b-d3a9-4b14-a579-f25c666120b5",
    "data": [
      {
        "text": "why not",
        "userDefined": false
      }
    ],
    "isTemplate": false,
    "count": 0,
    "updated": 0
  },
  {
    "id": "06e18391-c150-4144-a93b-eef28230ee6c",
    "data": [
      {
        "text": "yes that\u0027s alright",
        "userDefined": false
      }
    ],
    "isTemplate": false,
    "count": 0,
    "updated": 0
  },
  {
    "id": "ff885c34-b0a8-4271-9389-74a289840c55",
    "data": [
      {
        "text": "yes I do",
        "userDefined": false
      }
    ],
    "isTemplate": false,
    "count": 0,
    "updated": 0
  },
  {
    "id": "3f2dd761-2fb8-456f-8f64-f8d8f9326a61",
    "data": [
      {
        "text": "exactly",
        "userDefined": false
      }
    ],
    "isTemplate": false,
    "count": 1,
    "updated": 0
  },
  {
    "id": "1a5d59a4-cc23-4f1b-bb19-11f311a2f359",
    "data": [
      {
        "text": "of course",
        "userDefined": false
      }
    ],
    "isTemplate": false,
    "count": 0,
    "updated": 0
  },
  {
    "id": "b52a0368-cc87-450d-9b99-1a30346f1970",
    "data": [
      {
        "text": "yep that\u0027s ok",
        "userDefined": false
      }
    ],
    "isTemplate": false,
    "count": 0,
    "updated": 0
  },
  {
    "id": "4c3c68ee-44fa-4a74-a48f-cdc67af9499d",
    "data": [
      {
        "text": "okay",
        "userDefined": false
      }
    ],
    "isTemplate": false,
    "count": 1,
    "updated": 0
  },
  {
    "id": "4205986d-c9f8-48bd-b567-1df37de8c99c",
    "data": [
      {
        "text": "ok",
        "userDefined": false
      }
    ],
    "isTemplate": false,
    "count": 1,
    "updated": 0
  },
  {
    "id": "8489905f-4a14-4dc6-b946-72b17846a544",
    "data": [
      {
        "text": "for sure",
        "userDefined": false
      }
    ],
    "isTemplate": false,
    "count": 0,
    "updated": 0
  },
  {
    "id": "2c68d09a-1766-4dd8-80d6-6ee42667246c",
    "data": [
      {
        "text": "sg",
        "userDefined": false
      }
    ],
    "isTemplate": false,
    "count": 0,
    "updated": 0
  },
  {
    "id": "fd34a74a-7b74-4c30-bc7b-8e6e2597e1ce",
    "data": [
      {
        "text": "yes that\u0027t ok",
        "userDefined": false
      }
    ],
    "isTemplate": false,
    "count": 0,
    "updated": 0
  },
  {
    "id": "26eadeb4-f4e2-49e6-8b7b-21be72d805d2",
    "data": [
      {
        "text": "I agree",
        "userDefined": false
      }
    ],
    "isTemplate": false,
    "count": 2,
    "updated": 0
  },
  {
    "id": "3f7801f2-a834-48dd-860d-9177dabb1409",
    "data": [
      {
        "text": "yes you can do it",
        "userDefined": false
      }
    ],
    "isTemplate": false,
    "count": 0,
    "updated": 0
  },
  {
    "id": "79bb103d-8b50-4588-bbce-6f2d415380b5",
    "data": [
      {
        "text": "I don\u0027t mind",
        "userDefined": false
      }
    ],
    "isTemplate": false,
    "count": 3,
    "updated": 0
  },
  {
    "id": "9996b85b-7bf4-4a1f-8484-4b72434d8621",
    "data": [
      {
        "text": "that one works",
        "userDefined": false
      }
    ],
    "isTemplate": false,
    "count": 0,
    "updated": 0
  },
  {
    "id": "d8d28558-5e2f-49e2-831a-ac700416363c",
    "data": [
      {
        "text": "that works",
        "userDefined": false
      }
    ],
    "isTemplate": false,
    "count": 0,
    "updated": 0
  },
  {
    "id": "3733d33d-f113-4bc4-89e3-399d6039f47b",
    "data": [
      {
        "text": "sure why not",
        "userDefined": false
      }
    ],
    "isTemplate": false,
    "count": 0,
    "updated": 0
  },
  {
    "id": "fa14ebdc-f928-4bc6-a25c-e89c6cca159e",
    "data": [
      {
        "text": "perfect",
        "userDefined": false
      }
    ],
    "isTemplate": false,
    "count": 0,
    "updated": 0
  },
  {
    "id": "57d6e1d2-b1ff-4aad-9ee6-b7daf1113d3f",
    "data": [
      {
        "text": "yep that\u0027s right",
        "userDefined": false
      }
    ],
    "isTemplate": false,
    "count": 1,
    "updated": 0
  },
  {
    "id": "ace857b1-e08e-4bf2-80a5-4412825e061e",
    "data": [
      {
        "text": "I think so",
        "userDefined": false
      }
    ],
    "isTemplate": false,
    "count": 0,
    "updated": 0
  },
  {
    "id": "f2fb1233-a8f9-4732-b83e-7f4519753ae5",
    "data": [
      {
        "text": "yes I agree",
        "userDefined": false
      }
    ],
    "isTemplate": false,
    "count": 1,
    "updated": 0
  },
  {
    "id": "72fd0551-a0b1-4e70-96de-bd9d3b03ac0c",
    "data": [
      {
        "text": "sure",
        "userDefined": false
      }
    ],
    "isTemplate": false,
    "count": 2,
    "updated": 0
  },
  {
    "id": "68df840a-7636-4436-ac6f-79dd3eb91ad1",
    "data": [
      {
        "text": "sounds correct",
        "userDefined": false
      }
    ],
    "isTemplate": false,
    "count": 1,
    "updated": 0
  },
  {
    "id": "ba078714-9e55-4bde-bd62-174eb3de015f",
    "data": [
      {
        "text": "sounds good",
        "userDefined": false
      }
    ],
    "isTemplate": false,
    "count": 0,
    "updated": 0
  },
  {
    "id": "0c4e427c-7b66-46d4-a3d4-86a6fe0751e9",
    "data": [
      {
        "text": "that\u0027s correct",
        "userDefined": false
      }
    ],
    "isTemplate": false,
    "count": 0,
    "updated": 0
  },
  {
    "id": "4ce7bd44-22ec-4891-9c7a-40e758e70a17",
    "data": [
      {
        "text": "go ahead",
        "userDefined": false
      }
    ],
    "isTemplate": false,
    "count": 1,
    "updated": 0
  },
  {
    "id": "e9c91d1a-214e-4242-8748-2c9206a38c4b",
    "data": [
      {
        "text": "do it",
        "userDefined": false
      }
    ],
    "isTemplate": false,
    "count": 1,
    "updated": 0
  },
  {
    "id": "8b7a2879-5d44-4fee-8428-3bd87ef8ce51",
    "data": [
      {
        "text": "it\u0027s fine",
        "userDefined": false
      }
    ],
    "isTemplate": false,
    "count": 0,
    "updated": 0
  },
  {
    "id": "f6a073c9-6a67-4342-911c-c67937ca5690",
    "data": [
      {
        "text": "yeah",
        "userDefined": false
      }
    ],
    "isTemplate": false,
    "count": 0,
    "updated": 0
  },
  {
    "id": "edc5a29b-ecca-4a57-9fd1-3ad86f446ca9",
    "data": [
      {
        "text": "yes please",
        "userDefined": false
      }
    ],
    "isTemplate": false,
    "count": 0,
    "updated": 0
  },
  {
    "id": "38def04c-bd7a-40db-9b77-66e28217d0c9",
    "data": [
      {
        "text": "it\u0027s okay",
        "userDefined": false
      }
    ],
    "isTemplate": false,
    "count": 0,
    "updated": 0
  },
  {
    "id": "2f1272a6-636d-43d1-9dde-ab4c75971176",
    "data": [
      {
        "text": "alright why not",
        "userDefined": false
      }
    ],
    "isTemplate": false,
    "count": 0,
    "updated": 0
  },
  {
    "id": "aad98383-0b4d-4d9b-9688-559becd3c334",
    "data": [
      {
        "text": "alright",
        "userDefined": false
      }
    ],
    "isTemplate": false,
    "count": 0,
    "updated": 0
  },
  {
    "id": "9706a212-dd8c-459f-b58f-5d1d8247cfb6",
    "data": [
      {
        "text": "right",
        "userDefined": false
      }
    ],
    "isTemplate": false,
    "count": 0,
    "updated": 0
  },
  {
    "id": "c1c6a9aa-270e-4852-b3cc-407bd6b64c39",
    "data": [
      {
        "text": "it looks perfect",
        "userDefined": false
      }
    ],
    "isTemplate": false,
    "count": 0,
    "updated": 0
  },
  {
    "id": "80fbe7fd-6325-495e-b5ca-a52433492b11",
    "data": [
      {
        "text": "yes I can",
        "userDefined": false
      }
    ],
    "isTemplate": false,
    "count": 0,
    "updated": 0
  },
  {
    "id": "7df4b553-dbf2-46b4-9c9f-f1304fc754e1",
    "data": [
      {
        "text": "yup",
        "userDefined": false
      }
    ],
    "isTemplate": false,
    "count": 0,
    "updated": 0
  },
  {
    "id": "64be90bd-a5d3-4a41-99a6-f2edb6ca016e",
    "data": [
      {
        "text": "yep",
        "userDefined": false
      }
    ],
    "isTemplate": false,
    "count": 0,
    "updated": 0
  },
  {
    "id": "f9a8ddb4-9422-4d80-9ad6-2b302c30ce13",
    "data": [
      {
        "text": "confirm",
        "userDefined": false
      }
    ],
    "isTemplate": false,
    "count": 1,
    "updated": 0
  },
  {
    "id": "629e4779-5a33-4da4-a414-948b8cd01594",
    "data": [
      {
        "text": "absolutely",
        "userDefined": false
      }
    ],
    "isTemplate": false,
    "count": 1,
    "updated": 0
  }
]