[
  {
    "id": "2c8e6412-7a4b-44d0-b200-87b1523af477",
    "data": [
      {
        "text": "Yes, Can you suggest some of the tips for healthy Lifestyle",
        "userDefined": false
      }
    ],
    "isTemplate": false,
    "count": 0,
    "updated": 0
  },
  {
    "id": "c149c50e-be60-4010-8ce5-ba9bd56291dd",
    "data": [
      {
        "text": "Can you suggest some of the tips for healthy Lifestyle",
        "userDefined": false
      }
    ],
    "isTemplate": false,
    "count": 0,
    "updated": 0
  },
  {
    "id": "cdbcaebd-4c0f-4015-bc1a-3e1d004dc537",
    "data": [
      {
        "text": "yes",
        "userDefined": false
      }
    ],
    "isTemplate": false,
    "count": 1,
    "updated": 0
  },
  {
    "id": "35a79ca1-6209-4877-a60e-5baab6be5ac1",
    "data": [
      {
        "text": "okay I will",
        "userDefined": false
      }
    ],
    "isTemplate": false,
    "count": 2,
    "updated": 0
  },
  {
    "id": "b744b69b-2cbd-4f91-9a09-1e58c8772f3a",
    "data": [
      {
        "text": "why not",
        "userDefined": false
      }
    ],
    "isTemplate": false,
    "count": 0,
    "updated": 0
  },
  {
    "id": "e1b03185-8438-49d7-b06b-6f17d7af3f6b",
    "data": [
      {
        "text": "yes I do",
        "userDefined": false
      }
    ],
    "isTemplate": false,
    "count": 0,
    "updated": 0
  },
  {
    "id": "750dc04c-fe24-4032-a148-5aea396b47c1",
    "data": [
      {
        "text": "exactly",
        "userDefined": false
      }
    ],
    "isTemplate": false,
    "count": 1,
    "updated": 0
  },
  {
    "id": "60cec1f6-b62d-451b-8ec1-a4ad77dfcf94",
    "data": [
      {
        "text": "of course",
        "userDefined": false
      }
    ],
    "isTemplate": false,
    "count": 0,
    "updated": 0
  },
  {
    "id": "0bd6b6ba-ec52-4cc1-8d07-7c2738cfa937",
    "data": [
      {
        "text": "yep that\u0027s ok",
        "userDefined": false
      }
    ],
    "isTemplate": false,
    "count": 0,
    "updated": 0
  },
  {
    "id": "28e1742b-075b-4895-bbfd-62266cb0db8e",
    "data": [
      {
        "text": "okay",
        "userDefined": false
      }
    ],
    "isTemplate": false,
    "count": 1,
    "updated": 0
  },
  {
    "id": "6135aa16-26f3-4c74-8c82-c0e8744303d3",
    "data": [
      {
        "text": "ok",
        "userDefined": false
      }
    ],
    "isTemplate": false,
    "count": 1,
    "updated": 0
  },
  {
    "id": "70bb788d-7f37-4cc8-bdbf-07d1ffea0942",
    "data": [
      {
        "text": "for sure",
        "userDefined": false
      }
    ],
    "isTemplate": false,
    "count": 0,
    "updated": 0
  },
  {
    "id": "7a2e7d96-d0cd-404f-9035-e262b14f7de8",
    "data": [
      {
        "text": "sg",
        "userDefined": false
      }
    ],
    "isTemplate": false,
    "count": 0,
    "updated": 0
  },
  {
    "id": "02233d25-4a2a-4a91-a584-61eb483249ce",
    "data": [
      {
        "text": "yes that\u0027t ok",
        "userDefined": false
      }
    ],
    "isTemplate": false,
    "count": 0,
    "updated": 0
  },
  {
    "id": "6a4309de-9737-4f8c-863c-5e7b264ad634",
    "data": [
      {
        "text": "I agree",
        "userDefined": false
      }
    ],
    "isTemplate": false,
    "count": 2,
    "updated": 0
  },
  {
    "id": "d30d8366-ddbd-4466-8c20-d1c4f342a471",
    "data": [
      {
        "text": "yes you can do it",
        "userDefined": false
      }
    ],
    "isTemplate": false,
    "count": 0,
    "updated": 0
  },
  {
    "id": "0d062135-4b44-4c1f-ae87-e03f5fffe1d8",
    "data": [
      {
        "text": "I don\u0027t mind",
        "userDefined": false
      }
    ],
    "isTemplate": false,
    "count": 3,
    "updated": 0
  },
  {
    "id": "10fbeba9-863a-46c2-be0b-9f4c8e96e599",
    "data": [
      {
        "text": "that one works",
        "userDefined": false
      }
    ],
    "isTemplate": false,
    "count": 0,
    "updated": 0
  },
  {
    "id": "eb027647-2fdf-4cd8-8c30-d0b0cf49d4ba",
    "data": [
      {
        "text": "that works",
        "userDefined": false
      }
    ],
    "isTemplate": false,
    "count": 0,
    "updated": 0
  },
  {
    "id": "85809241-cef5-4cfb-9da9-f63dec52dba5",
    "data": [
      {
        "text": "sure why not",
        "userDefined": false
      }
    ],
    "isTemplate": false,
    "count": 0,
    "updated": 0
  },
  {
    "id": "3a17a06c-7707-403e-bd34-168cf967d6ee",
    "data": [
      {
        "text": "perfect",
        "userDefined": false
      }
    ],
    "isTemplate": false,
    "count": 0,
    "updated": 0
  },
  {
    "id": "252c8f67-1132-4811-ae94-a5e06d4608d8",
    "data": [
      {
        "text": "yep that\u0027s right",
        "userDefined": false
      }
    ],
    "isTemplate": false,
    "count": 1,
    "updated": 0
  },
  {
    "id": "51e817ed-f612-4f12-bd2a-9f83cd4303d2",
    "data": [
      {
        "text": "I think so",
        "userDefined": false
      }
    ],
    "isTemplate": false,
    "count": 0,
    "updated": 0
  },
  {
    "id": "d99dc3ac-038e-41dd-86ba-b20fdeb3626b",
    "data": [
      {
        "text": "yes I agree",
        "userDefined": false
      }
    ],
    "isTemplate": false,
    "count": 1,
    "updated": 0
  },
  {
    "id": "27688f8d-fe8e-4380-b347-1f79fa065c48",
    "data": [
      {
        "text": "sure",
        "userDefined": false
      }
    ],
    "isTemplate": false,
    "count": 2,
    "updated": 0
  },
  {
    "id": "ff00eb86-e957-4b36-bea0-16a20e1efb6c",
    "data": [
      {
        "text": "sounds correct",
        "userDefined": false
      }
    ],
    "isTemplate": false,
    "count": 1,
    "updated": 0
  },
  {
    "id": "ed7d7f86-dd63-43bb-b87e-706144f15cfd",
    "data": [
      {
        "text": "sounds good",
        "userDefined": false
      }
    ],
    "isTemplate": false,
    "count": 0,
    "updated": 0
  },
  {
    "id": "2eba1e83-bcc8-4a12-87d8-ab3c566d7ab2",
    "data": [
      {
        "text": "that\u0027s correct",
        "userDefined": false
      }
    ],
    "isTemplate": false,
    "count": 0,
    "updated": 0
  },
  {
    "id": "3f037ba6-5b5e-4b41-8650-ba2430d088f5",
    "data": [
      {
        "text": "go ahead",
        "userDefined": false
      }
    ],
    "isTemplate": false,
    "count": 1,
    "updated": 0
  },
  {
    "id": "535924d1-42ae-4e86-a899-96fd0eff35db",
    "data": [
      {
        "text": "do it",
        "userDefined": false
      }
    ],
    "isTemplate": false,
    "count": 1,
    "updated": 0
  },
  {
    "id": "c1cf861b-79f6-4849-ac29-08a2c492ffdc",
    "data": [
      {
        "text": "it\u0027s fine",
        "userDefined": false
      }
    ],
    "isTemplate": false,
    "count": 0,
    "updated": 0
  },
  {
    "id": "309cec8a-7d2f-4201-88d2-af024e1f1289",
    "data": [
      {
        "text": "yeah",
        "userDefined": false
      }
    ],
    "isTemplate": false,
    "count": 0,
    "updated": 0
  },
  {
    "id": "7ebce0e3-5f87-482e-8252-12bd262cdce1",
    "data": [
      {
        "text": "yes please",
        "userDefined": false
      }
    ],
    "isTemplate": false,
    "count": 0,
    "updated": 0
  },
  {
    "id": "2ec1b100-0320-4a5b-932e-5b82a538b6a1",
    "data": [
      {
        "text": "it\u0027s okay",
        "userDefined": false
      }
    ],
    "isTemplate": false,
    "count": 0,
    "updated": 0
  },
  {
    "id": "fd312fa6-bc5e-4919-b09e-3fcc6bc33165",
    "data": [
      {
        "text": "alright why not",
        "userDefined": false
      }
    ],
    "isTemplate": false,
    "count": 0,
    "updated": 0
  },
  {
    "id": "47ee0cd6-01cc-41d2-b5f2-195da09107fc",
    "data": [
      {
        "text": "alright",
        "userDefined": false
      }
    ],
    "isTemplate": false,
    "count": 0,
    "updated": 0
  },
  {
    "id": "9f1c149d-bc23-49cf-bd6e-d1b1b77fca7e",
    "data": [
      {
        "text": "right",
        "userDefined": false
      }
    ],
    "isTemplate": false,
    "count": 0,
    "updated": 0
  },
  {
    "id": "b8718228-ac18-488f-adfc-c108cada9255",
    "data": [
      {
        "text": "it looks perfect",
        "userDefined": false
      }
    ],
    "isTemplate": false,
    "count": 0,
    "updated": 0
  },
  {
    "id": "29372a1a-5d96-459f-97ee-d5b2c66b79d3",
    "data": [
      {
        "text": "yes I can",
        "userDefined": false
      }
    ],
    "isTemplate": false,
    "count": 0,
    "updated": 0
  },
  {
    "id": "b82de629-2419-43e2-b80d-6689790e340b",
    "data": [
      {
        "text": "yup",
        "userDefined": false
      }
    ],
    "isTemplate": false,
    "count": 0,
    "updated": 0
  },
  {
    "id": "69d3df84-4dc2-42ef-9cd4-dc3014e1445d",
    "data": [
      {
        "text": "yep",
        "userDefined": false
      }
    ],
    "isTemplate": false,
    "count": 0,
    "updated": 0
  },
  {
    "id": "c93626ef-5665-4ba4-9cc2-99dd8e19057d",
    "data": [
      {
        "text": "confirm",
        "userDefined": false
      }
    ],
    "isTemplate": false,
    "count": 1,
    "updated": 0
  },
  {
    "id": "e9c5efba-6718-4b9a-9c9c-5f3021b7d607",
    "data": [
      {
        "text": "absolutely",
        "userDefined": false
      }
    ],
    "isTemplate": false,
    "count": 1,
    "updated": 0
  }
]