[
  {
    "id": "12b853da-e093-4bf9-91a0-2d3a685567a4",
    "data": [
      {
        "text": "yes",
        "userDefined": false
      }
    ],
    "isTemplate": false,
    "count": 1,
    "updated": 0
  },
  {
    "id": "7fc52d9b-2505-4a36-9096-1054c7d7f287",
    "data": [
      {
        "text": "okay I will",
        "userDefined": false
      }
    ],
    "isTemplate": false,
    "count": 2,
    "updated": 0
  },
  {
    "id": "29396fd0-b767-4919-8bfe-47ac3141eaaf",
    "data": [
      {
        "text": "why not",
        "userDefined": false
      }
    ],
    "isTemplate": false,
    "count": 0,
    "updated": 0
  },
  {
    "id": "e1fb8234-f7c5-4f03-a14b-f7ca75d7c46a",
    "data": [
      {
        "text": "yes that\u0027s alright",
        "userDefined": false
      }
    ],
    "isTemplate": false,
    "count": 0,
    "updated": 0
  },
  {
    "id": "43acfd70-b116-4d3b-b046-9eda26ad4ad6",
    "data": [
      {
        "text": "yes I do",
        "userDefined": false
      }
    ],
    "isTemplate": false,
    "count": 0,
    "updated": 0
  },
  {
    "id": "71c10aba-0df5-48fb-9e18-e9b6c801155e",
    "data": [
      {
        "text": "exactly",
        "userDefined": false
      }
    ],
    "isTemplate": false,
    "count": 1,
    "updated": 0
  },
  {
    "id": "c7b9a736-f84b-4612-9527-4483d77be8e2",
    "data": [
      {
        "text": "of course",
        "userDefined": false
      }
    ],
    "isTemplate": false,
    "count": 0,
    "updated": 0
  },
  {
    "id": "14591bc1-98b0-4ceb-af61-34ca0091ab51",
    "data": [
      {
        "text": "yep that\u0027s ok",
        "userDefined": false
      }
    ],
    "isTemplate": false,
    "count": 0,
    "updated": 0
  },
  {
    "id": "30e96339-0511-4df9-beb4-54591ce32e8d",
    "data": [
      {
        "text": "okay",
        "userDefined": false
      }
    ],
    "isTemplate": false,
    "count": 1,
    "updated": 0
  },
  {
    "id": "34c0c40c-ffbc-4c47-b89d-d758d93e9339",
    "data": [
      {
        "text": "ok",
        "userDefined": false
      }
    ],
    "isTemplate": false,
    "count": 1,
    "updated": 0
  },
  {
    "id": "9f04ac3a-d04d-4231-b423-1970a20e5d66",
    "data": [
      {
        "text": "for sure",
        "userDefined": false
      }
    ],
    "isTemplate": false,
    "count": 0,
    "updated": 0
  },
  {
    "id": "68a608d5-d144-4677-bf1c-2f660ec76e53",
    "data": [
      {
        "text": "sg",
        "userDefined": false
      }
    ],
    "isTemplate": false,
    "count": 0,
    "updated": 0
  },
  {
    "id": "65fe23f4-0aba-4a66-8f44-8ba5b3b9632f",
    "data": [
      {
        "text": "yes that\u0027t ok",
        "userDefined": false
      }
    ],
    "isTemplate": false,
    "count": 0,
    "updated": 0
  },
  {
    "id": "cc41cb54-ad67-4a91-b031-23f04bb855ff",
    "data": [
      {
        "text": "I agree",
        "userDefined": false
      }
    ],
    "isTemplate": false,
    "count": 2,
    "updated": 0
  },
  {
    "id": "f7d143b7-4dd6-454d-9a3e-c53b64c7cf05",
    "data": [
      {
        "text": "yes you can do it",
        "userDefined": false
      }
    ],
    "isTemplate": false,
    "count": 0,
    "updated": 0
  },
  {
    "id": "48a6e011-98d8-45d9-90b8-fc91a01bc7b9",
    "data": [
      {
        "text": "I don\u0027t mind",
        "userDefined": false
      }
    ],
    "isTemplate": false,
    "count": 3,
    "updated": 0
  },
  {
    "id": "cab5839e-ed2a-44dd-965b-487dcaee9984",
    "data": [
      {
        "text": "that one works",
        "userDefined": false
      }
    ],
    "isTemplate": false,
    "count": 0,
    "updated": 0
  },
  {
    "id": "ab30dcb3-5de2-4987-95b6-e33b51aece3b",
    "data": [
      {
        "text": "that works",
        "userDefined": false
      }
    ],
    "isTemplate": false,
    "count": 0,
    "updated": 0
  },
  {
    "id": "c670621f-fbb8-4fab-9c40-c70934609449",
    "data": [
      {
        "text": "sure why not",
        "userDefined": false
      }
    ],
    "isTemplate": false,
    "count": 0,
    "updated": 0
  },
  {
    "id": "f29debc2-83b3-4c6a-a9cd-3633031388b6",
    "data": [
      {
        "text": "perfect",
        "userDefined": false
      }
    ],
    "isTemplate": false,
    "count": 0,
    "updated": 0
  },
  {
    "id": "3463aab2-6344-41a8-b204-d4e0782b423d",
    "data": [
      {
        "text": "yep that\u0027s right",
        "userDefined": false
      }
    ],
    "isTemplate": false,
    "count": 1,
    "updated": 0
  },
  {
    "id": "77d4f4c6-14f1-4a78-9e25-91f144fd956e",
    "data": [
      {
        "text": "I think so",
        "userDefined": false
      }
    ],
    "isTemplate": false,
    "count": 0,
    "updated": 0
  },
  {
    "id": "a926d06c-20e7-4e94-9006-0d430c1268ba",
    "data": [
      {
        "text": "yes I agree",
        "userDefined": false
      }
    ],
    "isTemplate": false,
    "count": 1,
    "updated": 0
  },
  {
    "id": "9e15d221-1b21-4a97-a152-1ff371b5104a",
    "data": [
      {
        "text": "sure",
        "userDefined": false
      }
    ],
    "isTemplate": false,
    "count": 2,
    "updated": 0
  },
  {
    "id": "df8b5299-8115-4332-a50f-4c6913ca8258",
    "data": [
      {
        "text": "sounds correct",
        "userDefined": false
      }
    ],
    "isTemplate": false,
    "count": 1,
    "updated": 0
  },
  {
    "id": "a87ee790-fa6b-4965-a220-9ad9500c07d9",
    "data": [
      {
        "text": "sounds good",
        "userDefined": false
      }
    ],
    "isTemplate": false,
    "count": 0,
    "updated": 0
  },
  {
    "id": "351ae07e-f373-41e8-9ec7-ba9eca84b31c",
    "data": [
      {
        "text": "that\u0027s correct",
        "userDefined": false
      }
    ],
    "isTemplate": false,
    "count": 0,
    "updated": 0
  },
  {
    "id": "a85d8e8d-cac8-4949-95bf-f849b905d314",
    "data": [
      {
        "text": "go ahead",
        "userDefined": false
      }
    ],
    "isTemplate": false,
    "count": 1,
    "updated": 0
  },
  {
    "id": "e2771c30-a77a-444c-90a2-ec2ec2555574",
    "data": [
      {
        "text": "do it",
        "userDefined": false
      }
    ],
    "isTemplate": false,
    "count": 1,
    "updated": 0
  },
  {
    "id": "6dbb259a-a353-472b-9211-b78b9c151d4c",
    "data": [
      {
        "text": "it\u0027s fine",
        "userDefined": false
      }
    ],
    "isTemplate": false,
    "count": 0,
    "updated": 0
  },
  {
    "id": "652a66b9-f9b6-49fb-a5bd-4525a06633d5",
    "data": [
      {
        "text": "yeah",
        "userDefined": false
      }
    ],
    "isTemplate": false,
    "count": 0,
    "updated": 0
  },
  {
    "id": "19e68ec7-5b33-40a3-84bb-0ba0c47b9b68",
    "data": [
      {
        "text": "yes please",
        "userDefined": false
      }
    ],
    "isTemplate": false,
    "count": 0,
    "updated": 0
  },
  {
    "id": "2b000a58-2bef-4d2f-8163-9a27641dcf94",
    "data": [
      {
        "text": "it\u0027s okay",
        "userDefined": false
      }
    ],
    "isTemplate": false,
    "count": 0,
    "updated": 0
  },
  {
    "id": "944c1edf-248a-4dfa-915f-c4c84af289d7",
    "data": [
      {
        "text": "alright why not",
        "userDefined": false
      }
    ],
    "isTemplate": false,
    "count": 0,
    "updated": 0
  },
  {
    "id": "978b2104-de4f-49c4-a261-c702d72d90b1",
    "data": [
      {
        "text": "alright",
        "userDefined": false
      }
    ],
    "isTemplate": false,
    "count": 0,
    "updated": 0
  },
  {
    "id": "14c90b34-b697-43b5-8edf-12cfb5ba5616",
    "data": [
      {
        "text": "right",
        "userDefined": false
      }
    ],
    "isTemplate": false,
    "count": 0,
    "updated": 0
  },
  {
    "id": "26b68c6c-7b88-4c8b-8525-00962661bb70",
    "data": [
      {
        "text": "it looks perfect",
        "userDefined": false
      }
    ],
    "isTemplate": false,
    "count": 0,
    "updated": 0
  },
  {
    "id": "a23152b6-2aa9-4715-b1fe-b150187112ed",
    "data": [
      {
        "text": "yes I can",
        "userDefined": false
      }
    ],
    "isTemplate": false,
    "count": 0,
    "updated": 0
  },
  {
    "id": "119e54a1-c0be-4f4c-aa92-62e968dbcc51",
    "data": [
      {
        "text": "yup",
        "userDefined": false
      }
    ],
    "isTemplate": false,
    "count": 0,
    "updated": 0
  },
  {
    "id": "15c61d62-7314-49c1-86ac-5be545ef415c",
    "data": [
      {
        "text": "yep",
        "userDefined": false
      }
    ],
    "isTemplate": false,
    "count": 0,
    "updated": 0
  },
  {
    "id": "8b6f0428-35c7-4b8a-97d2-0528222561c4",
    "data": [
      {
        "text": "confirm",
        "userDefined": false
      }
    ],
    "isTemplate": false,
    "count": 1,
    "updated": 0
  },
  {
    "id": "1d9a0886-c11c-4a33-b108-400bc2d14330",
    "data": [
      {
        "text": "absolutely",
        "userDefined": false
      }
    ],
    "isTemplate": false,
    "count": 1,
    "updated": 0
  }
]