[
  {
    "id": "4fbd4d63-e805-4212-9b0d-0463ed83041e",
    "data": [
      {
        "text": "gym",
        "alias": "nearby",
        "meta": "@Nearby",
        "userDefined": false
      },
      {
        "text": " food",
        "userDefined": false
      }
    ],
    "isTemplate": false,
    "count": 0,
    "updated": 0
  },
  {
    "id": "46bffbe3-a2cb-43e2-bc68-993e7982f841",
    "data": [
      {
        "text": "Which food is good for healt while going ",
        "userDefined": false
      },
      {
        "text": "gym",
        "alias": "nearby",
        "meta": "@Nearby",
        "userDefined": false
      }
    ],
    "isTemplate": false,
    "count": 0,
    "updated": 0
  },
  {
    "id": "fb098dcd-6940-4ecf-84b3-252b4c7fcfd0",
    "data": [
      {
        "text": "What kind of food should I eat when I join ",
        "userDefined": false
      },
      {
        "text": "gym",
        "alias": "nearby",
        "meta": "@Nearby",
        "userDefined": false
      },
      {
        "text": "?",
        "userDefined": false
      }
    ],
    "isTemplate": false,
    "count": 0,
    "updated": 0
  }
]