[
  {
    "id": "a0a8b0c5-d63c-45c7-b3b0-1eaff79b9e3b",
    "data": [
      {
        "text": "ज़रूर",
        "userDefined": true
      }
    ],
    "isTemplate": false,
    "count": 0,
    "updated": 0
  },
  {
    "id": "0dd7a0fc-3e2b-4211-b65f-0a15090ed63a",
    "data": [
      {
        "text": "यह सही है!",
        "userDefined": true
      }
    ],
    "isTemplate": false,
    "count": 0,
    "updated": 0
  },
  {
    "id": "ae82ea4d-9570-4ecc-9c40-9f97a7835851",
    "data": [
      {
        "text": "मुझे फ़र्क नहीं पड़ता",
        "userDefined": true
      }
    ],
    "isTemplate": false,
    "count": 0,
    "updated": 0
  },
  {
    "id": "369a3e57-b1fe-4804-8335-8e705a66838f",
    "data": [
      {
        "text": "हाँ",
        "userDefined": true
      }
    ],
    "isTemplate": false,
    "count": 0,
    "updated": 0
  },
  {
    "id": "d9a7ef35-0120-4f2a-b6fa-d2c22880e0aa",
    "data": [
      {
        "text": "अच्छा लग रहा है",
        "userDefined": true
      }
    ],
    "isTemplate": false,
    "count": 0,
    "updated": 0
  },
  {
    "id": "cd3b82b2-c18d-4bac-b633-425f97f3b811",
    "data": [
      {
        "text": "मैं सहमत हूँ",
        "userDefined": true
      }
    ],
    "isTemplate": false,
    "count": 0,
    "updated": 0
  },
  {
    "id": "a7d19f30-8ba1-4509-9c07-6df46df9032b",
    "data": [
      {
        "text": "बेशक",
        "userDefined": true
      }
    ],
    "isTemplate": false,
    "count": 0,
    "updated": 0
  },
  {
    "id": "221bf796-b35c-4f99-8e06-46b79ce7f6ca",
    "data": [
      {
        "text": "अभी करो",
        "userDefined": true
      }
    ],
    "isTemplate": false,
    "count": 0,
    "updated": 0
  },
  {
    "id": "51112571-4e7e-4aa5-abd1-387074f2829e",
    "data": [
      {
        "text": "बिलकुल",
        "userDefined": true
      }
    ],
    "isTemplate": false,
    "count": 0,
    "updated": 0
  },
  {
    "id": "b782bab3-71db-468f-8093-e9ce3d704ce2",
    "data": [
      {
        "text": "पक्का ना",
        "userDefined": false
      }
    ],
    "isTemplate": false,
    "count": 0,
    "updated": 0
  }
]