[
  {
    "id": "371d9e9b-0c93-483e-ad33-4fa4b7bea3e7",
    "data": [
      {
        "text": "बिलकुल नहीं",
        "userDefined": true
      }
    ],
    "isTemplate": false,
    "count": 0,
    "updated": 0
  },
  {
    "id": "f2c7623e-978a-4b48-a07d-3e56adf8032c",
    "data": [
      {
        "text": "शुक्रिया, लेकिन नहीं",
        "userDefined": true
      }
    ],
    "isTemplate": false,
    "count": 0,
    "updated": 0
  },
  {
    "id": "d4bce057-96f5-48c5-a8b4-327f9f7e85c3",
    "data": [
      {
        "text": "नहीं",
        "userDefined": true
      }
    ],
    "isTemplate": false,
    "count": 0,
    "updated": 0
  },
  {
    "id": "43e19484-5cd3-400c-842b-ad5d7c37dffe",
    "data": [
      {
        "text": "मुझे नहीं लगता",
        "userDefined": true
      }
    ],
    "isTemplate": false,
    "count": 0,
    "updated": 0
  },
  {
    "id": "01527714-396c-4f81-8c49-3bdf13c3bb29",
    "data": [
      {
        "text": "मुझे नहीं चाहिए",
        "userDefined": true
      }
    ],
    "isTemplate": false,
    "count": 0,
    "updated": 0
  },
  {
    "id": "6e2d5bab-d5f7-4f3f-ba29-42f7b19b23f4",
    "data": [
      {
        "text": "मत करो",
        "userDefined": true
      }
    ],
    "isTemplate": false,
    "count": 0,
    "updated": 0
  },
  {
    "id": "71c25c99-6a10-4174-ae95-73955987231a",
    "data": [
      {
        "text": "जी नहीं",
        "userDefined": true
      }
    ],
    "isTemplate": false,
    "count": 0,
    "updated": 0
  },
  {
    "id": "f7a15ac0-82bb-413c-9786-964325ef7d81",
    "data": [
      {
        "text": "मैं नहीं मानती",
        "userDefined": true
      }
    ],
    "isTemplate": false,
    "count": 0,
    "updated": 0
  },
  {
    "id": "037e7587-9d82-4c72-adb9-7256d83cf8bc",
    "data": [
      {
        "text": "कोई दिलचस्पी नहीं",
        "userDefined": true
      }
    ],
    "isTemplate": false,
    "count": 0,
    "updated": 0
  }
]