[
  {
    "id": "06ab8bb2-e768-4112-bc57-76b862e91dce",
    "data": [
      {
        "text": "thanks but no",
        "userDefined": false
      }
    ],
    "isTemplate": false,
    "count": 0,
    "updated": 0
  },
  {
    "id": "dc7d1b01-6fc1-46c8-a092-f90c152a79b8",
    "data": [
      {
        "text": "no way",
        "userDefined": false
      }
    ],
    "isTemplate": false,
    "count": 0,
    "updated": 0
  },
  {
    "id": "f460c5a3-1d0d-4c0b-8a1d-e511b6d9e3ba",
    "data": [
      {
        "text": "no",
        "userDefined": false
      }
    ],
    "isTemplate": false,
    "count": 2,
    "updated": 0
  },
  {
    "id": "186c0e83-1b87-4d3c-a090-f2d906cd456c",
    "data": [
      {
        "text": "no no don\u0027t",
        "userDefined": false
      }
    ],
    "isTemplate": false,
    "count": 0,
    "updated": 0
  },
  {
    "id": "08b8d8e8-f5f0-4e3a-a372-daab507e1c98",
    "data": [
      {
        "text": "na",
        "userDefined": false
      }
    ],
    "isTemplate": false,
    "count": 0,
    "updated": 0
  },
  {
    "id": "aa41c981-4a7c-46c2-9935-9b8803989be4",
    "data": [
      {
        "text": "no it isn\u0027t",
        "userDefined": false
      }
    ],
    "isTemplate": false,
    "count": 1,
    "updated": 0
  },
  {
    "id": "d652de17-bc6a-4039-9102-55c755fd0683",
    "data": [
      {
        "text": "don\u0027t",
        "userDefined": false
      }
    ],
    "isTemplate": false,
    "count": 0,
    "updated": 0
  },
  {
    "id": "12074cce-f1ae-41bf-8d0f-b06637f087f4",
    "data": [
      {
        "text": "nah I\u0027m good",
        "userDefined": false
      }
    ],
    "isTemplate": false,
    "count": 1,
    "updated": 0
  },
  {
    "id": "fc833585-f67d-4955-9c69-d8013f4be958",
    "data": [
      {
        "text": "no I cannot",
        "userDefined": false
      }
    ],
    "isTemplate": false,
    "count": 1,
    "updated": 0
  },
  {
    "id": "e21b53af-631c-4ef4-8df6-a4f7d7cfa100",
    "data": [
      {
        "text": "I can\u0027t",
        "userDefined": false
      }
    ],
    "isTemplate": false,
    "count": 0,
    "updated": 0
  },
  {
    "id": "5838cd78-bd8c-4701-b2a5-ff0cce644380",
    "data": [
      {
        "text": "nothing",
        "userDefined": false
      }
    ],
    "isTemplate": false,
    "count": 0,
    "updated": 0
  },
  {
    "id": "e847a069-05cd-4539-b5cb-b5ba76f14778",
    "data": [
      {
        "text": "no that\u0027s okay",
        "userDefined": false
      }
    ],
    "isTemplate": false,
    "count": 0,
    "updated": 0
  },
  {
    "id": "e59bb290-8bd2-4128-ab4c-607770a7335a",
    "data": [
      {
        "text": "no not really",
        "userDefined": false
      }
    ],
    "isTemplate": false,
    "count": 0,
    "updated": 0
  },
  {
    "id": "9c673d9d-9949-4bcf-8c9c-1c2341188953",
    "data": [
      {
        "text": "nope not really",
        "userDefined": false
      }
    ],
    "isTemplate": false,
    "count": 0,
    "updated": 0
  },
  {
    "id": "e47a0407-bd57-4627-b9a9-9cc12e47753e",
    "data": [
      {
        "text": "nope",
        "userDefined": false
      }
    ],
    "isTemplate": false,
    "count": 1,
    "updated": 0
  },
  {
    "id": "1446493e-c87c-4e86-abd5-e15d2cbb235f",
    "data": [
      {
        "text": "thanks but not this time",
        "userDefined": false
      }
    ],
    "isTemplate": false,
    "count": 1,
    "updated": 0
  },
  {
    "id": "a9c17d33-24fa-42a2-bf5a-182bcef75a5e",
    "data": [
      {
        "text": "I don\u0027t think so",
        "userDefined": false
      }
    ],
    "isTemplate": false,
    "count": 1,
    "updated": 0
  },
  {
    "id": "f9d9cb63-64dd-481f-bf03-992dad3fb81c",
    "data": [
      {
        "text": "I disagree",
        "userDefined": false
      }
    ],
    "isTemplate": false,
    "count": 2,
    "updated": 0
  },
  {
    "id": "41c2381f-30ac-4568-8ffe-e7c00d2316ed",
    "data": [
      {
        "text": "no maybe next time",
        "userDefined": false
      }
    ],
    "isTemplate": false,
    "count": 0,
    "updated": 0
  },
  {
    "id": "ffb702a2-1c7b-43b8-a259-cb6a2c32c49d",
    "data": [
      {
        "text": "not this time",
        "userDefined": false
      }
    ],
    "isTemplate": false,
    "count": 0,
    "updated": 0
  },
  {
    "id": "044b4f7a-a739-4637-9ea3-aa2d9fac871c",
    "data": [
      {
        "text": "no don\u0027t",
        "userDefined": false
      }
    ],
    "isTemplate": false,
    "count": 0,
    "updated": 0
  },
  {
    "id": "1e5d81cf-f88c-43e1-8d69-2b2aa3b0ae02",
    "data": [
      {
        "text": "no we are good",
        "userDefined": false
      }
    ],
    "isTemplate": false,
    "count": 0,
    "updated": 0
  },
  {
    "id": "e6f1c50b-00a9-4845-a32f-dc381fd13d53",
    "data": [
      {
        "text": "don\u0027t do it",
        "userDefined": false
      }
    ],
    "isTemplate": false,
    "count": 3,
    "updated": 0
  },
  {
    "id": "52bee737-415a-45fd-9b8a-c946532d4244",
    "data": [
      {
        "text": "no that\u0027s be all",
        "userDefined": false
      }
    ],
    "isTemplate": false,
    "count": 0,
    "updated": 0
  },
  {
    "id": "eac0b097-bc75-480d-b98b-28c9986b75d7",
    "data": [
      {
        "text": "not right now",
        "userDefined": false
      }
    ],
    "isTemplate": false,
    "count": 0,
    "updated": 0
  },
  {
    "id": "77815781-98b8-4298-b076-fb358af1b27b",
    "data": [
      {
        "text": "nothing else thanks",
        "userDefined": false
      }
    ],
    "isTemplate": false,
    "count": 0,
    "updated": 0
  },
  {
    "id": "ff11fc8d-df67-48a5-9481-33ce3263e973",
    "data": [
      {
        "text": "no thanks",
        "userDefined": false
      }
    ],
    "isTemplate": false,
    "count": 0,
    "updated": 0
  },
  {
    "id": "b46b3489-8baa-478f-92ec-e879537fcd10",
    "data": [
      {
        "text": "no that\u0027s ok",
        "userDefined": false
      }
    ],
    "isTemplate": false,
    "count": 1,
    "updated": 0
  },
  {
    "id": "a4d157fb-d6ea-472a-8499-c930682f1f58",
    "data": [
      {
        "text": "I don\u0027t want that",
        "userDefined": false
      }
    ],
    "isTemplate": false,
    "count": 0,
    "updated": 0
  },
  {
    "id": "af43f997-3bda-45a1-9169-3f5d1fa04df2",
    "data": [
      {
        "text": "definitely not",
        "userDefined": false
      }
    ],
    "isTemplate": false,
    "count": 3,
    "updated": 0
  },
  {
    "id": "355ac818-1a5a-4e2f-b528-8d46dbf99e08",
    "data": [
      {
        "text": "nothing else",
        "userDefined": false
      }
    ],
    "isTemplate": false,
    "count": 1,
    "updated": 0
  },
  {
    "id": "701f02a7-5562-4a9f-b967-84981c9d3704",
    "data": [
      {
        "text": "not",
        "userDefined": false
      }
    ],
    "isTemplate": false,
    "count": 0,
    "updated": 0
  },
  {
    "id": "cd438d4b-68d8-45cb-926d-69784624b4b9",
    "data": [
      {
        "text": "not at all",
        "userDefined": false
      }
    ],
    "isTemplate": false,
    "count": 0,
    "updated": 0
  },
  {
    "id": "7eb112d8-2713-4e6f-88c3-eadfbfac234e",
    "data": [
      {
        "text": "no never",
        "userDefined": false
      }
    ],
    "isTemplate": false,
    "count": 0,
    "updated": 0
  },
  {
    "id": "97e55fbd-3983-4df6-8aa2-ba66fd1ed090",
    "data": [
      {
        "text": "never",
        "userDefined": false
      }
    ],
    "isTemplate": false,
    "count": 0,
    "updated": 0
  },
  {
    "id": "761e7ccb-96e0-4849-aa19-95152930ced0",
    "data": [
      {
        "text": "no way no",
        "userDefined": false
      }
    ],
    "isTemplate": false,
    "count": 0,
    "updated": 0
  },
  {
    "id": "85ef3b55-a76a-4b19-ab5c-1076c0a3b3e9",
    "data": [
      {
        "text": "not really",
        "userDefined": false
      }
    ],
    "isTemplate": false,
    "count": 0,
    "updated": 0
  },
  {
    "id": "15ddcbb9-f578-46d4-b6e1-50e10b7a08bd",
    "data": [
      {
        "text": "nah",
        "userDefined": false
      }
    ],
    "isTemplate": false,
    "count": 2,
    "updated": 0
  },
  {
    "id": "bcdf0a2c-1e62-46ae-a834-3c6e064a3613",
    "data": [
      {
        "text": "I don\u0027t",
        "userDefined": false
      }
    ],
    "isTemplate": false,
    "count": 0,
    "updated": 0
  },
  {
    "id": "fd743cd4-1571-4bea-beaf-3e2572372f12",
    "data": [
      {
        "text": "I don\u0027t want",
        "userDefined": false
      }
    ],
    "isTemplate": false,
    "count": 0,
    "updated": 0
  },
  {
    "id": "cd10495b-49bf-4b9a-8e1a-6017f8b86bc0",
    "data": [
      {
        "text": "not ",
        "userDefined": false
      },
      {
        "text": "today",
        "meta": "@sys.ignore",
        "userDefined": false
      }
    ],
    "isTemplate": false,
    "count": 0,
    "updated": 0
  },
  {
    "id": "49fc3489-2fbb-4b26-acc1-4a60087a856d",
    "data": [
      {
        "text": "not interested",
        "userDefined": false
      }
    ],
    "isTemplate": false,
    "count": 0,
    "updated": 0
  },
  {
    "id": "f7e6f4bd-262b-44f3-9ad7-a777509b6f45",
    "data": [
      {
        "text": "no that\u0027s fine thank you",
        "userDefined": false
      }
    ],
    "isTemplate": false,
    "count": 0,
    "updated": 0
  },
  {
    "id": "1e47c026-cc43-491f-9e2e-e2be626cc5de",
    "data": [
      {
        "text": "I\u0027m not",
        "userDefined": false
      }
    ],
    "isTemplate": false,
    "count": 3,
    "updated": 0
  }
]