[
  {
    "id": "766a31d7-2b16-4964-803a-42b04cc74800",
    "data": [
      {
        "text": "how to calculate bmi?",
        "userDefined": false
      }
    ],
    "isTemplate": false,
    "count": 0,
    "updated": 0
  },
  {
    "id": "02a46acc-d396-47b8-9621-4ea8d9a52474",
    "data": [
      {
        "text": "Calculate BMI",
        "userDefined": false
      }
    ],
    "isTemplate": false,
    "count": 0,
    "updated": 0
  },
  {
    "id": "dedffb6c-b750-48b8-a8bb-6931b1f7eac0",
    "data": [
      {
        "text": "How do we calculate BMI\n ?",
        "userDefined": false
      }
    ],
    "isTemplate": false,
    "count": 0,
    "updated": 0
  }
]