[
  {
    "id": "a0796979-1e0a-4120-bf4f-222c75e77922",
    "data": [
      {
        "text": "बिलकुल नहीं",
        "userDefined": true
      }
    ],
    "isTemplate": false,
    "count": 0,
    "updated": 0
  },
  {
    "id": "1400aed6-6f8d-47ab-bc27-bb659254cc6a",
    "data": [
      {
        "text": "शुक्रिया, लेकिन नहीं",
        "userDefined": true
      }
    ],
    "isTemplate": false,
    "count": 0,
    "updated": 0
  },
  {
    "id": "2578eaef-0792-4624-a721-a1339e314938",
    "data": [
      {
        "text": "नहीं",
        "userDefined": true
      }
    ],
    "isTemplate": false,
    "count": 0,
    "updated": 0
  },
  {
    "id": "2823ff6c-b399-40a9-8309-f137c4a6ad29",
    "data": [
      {
        "text": "मुझे नहीं लगता",
        "userDefined": true
      }
    ],
    "isTemplate": false,
    "count": 0,
    "updated": 0
  },
  {
    "id": "70c44fc4-dc07-425e-a6f7-ade2ecd27f65",
    "data": [
      {
        "text": "मुझे नहीं चाहिए",
        "userDefined": true
      }
    ],
    "isTemplate": false,
    "count": 0,
    "updated": 0
  },
  {
    "id": "1790a53a-82e0-466a-8879-ac302a235d63",
    "data": [
      {
        "text": "मत करो",
        "userDefined": true
      }
    ],
    "isTemplate": false,
    "count": 0,
    "updated": 0
  },
  {
    "id": "f7ae417d-2183-4d78-8acc-bbb740c04c5a",
    "data": [
      {
        "text": "जी नहीं",
        "userDefined": true
      }
    ],
    "isTemplate": false,
    "count": 0,
    "updated": 0
  },
  {
    "id": "be23955c-e6b6-4744-aa38-2be50c6881bf",
    "data": [
      {
        "text": "मैं नहीं मानती",
        "userDefined": true
      }
    ],
    "isTemplate": false,
    "count": 0,
    "updated": 0
  },
  {
    "id": "d33d3ad8-4e13-46dd-b16e-1602d9a9e007",
    "data": [
      {
        "text": "कोई दिलचस्पी नहीं",
        "userDefined": true
      }
    ],
    "isTemplate": false,
    "count": 0,
    "updated": 0
  }
]