[
  {
    "id": "243672d2-0973-43ee-b3c3-02cd75bc668c",
    "data": [
      {
        "text": "Set My Goal",
        "userDefined": false
      }
    ],
    "isTemplate": false,
    "count": 0,
    "updated": 0
  },
  {
    "id": "458f212f-fdb6-4374-a61d-7a2f2f9d4303",
    "data": [
      {
        "text": "Set Goal",
        "userDefined": false
      }
    ],
    "isTemplate": false,
    "count": 0,
    "updated": 0
  },
  {
    "id": "c63c152d-1143-4ccd-9251-3b33fe917cef",
    "data": [
      {
        "text": "Fitness Plan",
        "userDefined": false
      }
    ],
    "isTemplate": false,
    "count": 0,
    "updated": 0
  },
  {
    "id": "33130c4a-3297-46d4-8b4f-40f9c56efd75",
    "data": [
      {
        "text": "Can you help me with Fitness Plan",
        "userDefined": false
      }
    ],
    "isTemplate": false,
    "count": 0,
    "updated": 0
  }
]