[
  {
    "id": "1b49db82-3fe5-4074-8e74-3639d59ad3ae",
    "data": [
      {
        "text": "thanks but no",
        "userDefined": false
      }
    ],
    "isTemplate": false,
    "count": 0,
    "updated": 0
  },
  {
    "id": "b841d354-e456-4ecc-9792-242760b210e0",
    "data": [
      {
        "text": "no way",
        "userDefined": false
      }
    ],
    "isTemplate": false,
    "count": 0,
    "updated": 0
  },
  {
    "id": "ec5765c7-e873-4afb-b8a7-b1b937e65790",
    "data": [
      {
        "text": "no",
        "userDefined": false
      }
    ],
    "isTemplate": false,
    "count": 2,
    "updated": 0
  },
  {
    "id": "7cfc5653-1d26-4c6f-a1c5-d747bb1ce0fe",
    "data": [
      {
        "text": "no no don\u0027t",
        "userDefined": false
      }
    ],
    "isTemplate": false,
    "count": 0,
    "updated": 0
  },
  {
    "id": "02f3cf10-908e-45b3-b9e5-61d0dd7009e4",
    "data": [
      {
        "text": "na",
        "userDefined": false
      }
    ],
    "isTemplate": false,
    "count": 0,
    "updated": 0
  },
  {
    "id": "a7a2fe7a-1096-4a74-b6b7-c3d9b6e59dd1",
    "data": [
      {
        "text": "no it isn\u0027t",
        "userDefined": false
      }
    ],
    "isTemplate": false,
    "count": 1,
    "updated": 0
  },
  {
    "id": "f6d653de-f0d7-44f7-9e7f-e2a15f98becb",
    "data": [
      {
        "text": "don\u0027t",
        "userDefined": false
      }
    ],
    "isTemplate": false,
    "count": 0,
    "updated": 0
  },
  {
    "id": "a1bbbaee-0b9e-414e-9862-f73210c83cca",
    "data": [
      {
        "text": "nah I\u0027m good",
        "userDefined": false
      }
    ],
    "isTemplate": false,
    "count": 1,
    "updated": 0
  },
  {
    "id": "fdf7e392-a44c-48c9-b52c-cfd156c42bfd",
    "data": [
      {
        "text": "no I cannot",
        "userDefined": false
      }
    ],
    "isTemplate": false,
    "count": 1,
    "updated": 0
  },
  {
    "id": "8e653824-bc53-4ed3-91a7-4dd490088b96",
    "data": [
      {
        "text": "I can\u0027t",
        "userDefined": false
      }
    ],
    "isTemplate": false,
    "count": 0,
    "updated": 0
  },
  {
    "id": "4b78fab5-9a85-4f7c-94da-520f35eebe45",
    "data": [
      {
        "text": "nothing",
        "userDefined": false
      }
    ],
    "isTemplate": false,
    "count": 0,
    "updated": 0
  },
  {
    "id": "f2d8aa9c-63a8-4447-93e7-f72336abb3a3",
    "data": [
      {
        "text": "no that\u0027s okay",
        "userDefined": false
      }
    ],
    "isTemplate": false,
    "count": 0,
    "updated": 0
  },
  {
    "id": "fd2a6fb7-2526-4721-a40c-a421c6680841",
    "data": [
      {
        "text": "no not really",
        "userDefined": false
      }
    ],
    "isTemplate": false,
    "count": 0,
    "updated": 0
  },
  {
    "id": "2ba5e20b-d9d2-4ee3-9922-1db1c19377fc",
    "data": [
      {
        "text": "nope not really",
        "userDefined": false
      }
    ],
    "isTemplate": false,
    "count": 0,
    "updated": 0
  },
  {
    "id": "a7de4a19-8ebc-4011-8c56-abe76e6e47b1",
    "data": [
      {
        "text": "nope",
        "userDefined": false
      }
    ],
    "isTemplate": false,
    "count": 1,
    "updated": 0
  },
  {
    "id": "d9aab6e8-7771-4ec4-9b4e-5c1ef7f63552",
    "data": [
      {
        "text": "thanks but not this time",
        "userDefined": false
      }
    ],
    "isTemplate": false,
    "count": 1,
    "updated": 0
  },
  {
    "id": "d5d5f824-a7cc-4123-8c36-b2b16d0a9821",
    "data": [
      {
        "text": "I don\u0027t think so",
        "userDefined": false
      }
    ],
    "isTemplate": false,
    "count": 1,
    "updated": 0
  },
  {
    "id": "31e67e7d-7c5b-4c45-862f-74833fee8a68",
    "data": [
      {
        "text": "I disagree",
        "userDefined": false
      }
    ],
    "isTemplate": false,
    "count": 2,
    "updated": 0
  },
  {
    "id": "5d9c8c91-3b5e-4a76-a48d-b278c0a041b0",
    "data": [
      {
        "text": "no maybe next time",
        "userDefined": false
      }
    ],
    "isTemplate": false,
    "count": 0,
    "updated": 0
  },
  {
    "id": "bfefc1d0-2082-405d-b587-9c727572fb59",
    "data": [
      {
        "text": "not this time",
        "userDefined": false
      }
    ],
    "isTemplate": false,
    "count": 0,
    "updated": 0
  },
  {
    "id": "40ca8862-f632-48f7-8704-b5244852bbcf",
    "data": [
      {
        "text": "no don\u0027t",
        "userDefined": false
      }
    ],
    "isTemplate": false,
    "count": 0,
    "updated": 0
  },
  {
    "id": "f8d6e315-2905-4044-8b6f-818aa2e49337",
    "data": [
      {
        "text": "no we are good",
        "userDefined": false
      }
    ],
    "isTemplate": false,
    "count": 0,
    "updated": 0
  },
  {
    "id": "ec21d3d5-52c2-4f03-832c-1e4502224c29",
    "data": [
      {
        "text": "don\u0027t do it",
        "userDefined": false
      }
    ],
    "isTemplate": false,
    "count": 3,
    "updated": 0
  },
  {
    "id": "bc0d98fd-9820-444b-bb75-69aad768785f",
    "data": [
      {
        "text": "no that\u0027s be all",
        "userDefined": false
      }
    ],
    "isTemplate": false,
    "count": 0,
    "updated": 0
  },
  {
    "id": "ac03e4a9-d3ca-4b5c-813c-5c32b42b0f05",
    "data": [
      {
        "text": "not right now",
        "userDefined": false
      }
    ],
    "isTemplate": false,
    "count": 0,
    "updated": 0
  },
  {
    "id": "831c44c5-e00b-48b4-b8c9-7e5a4e5ec4e2",
    "data": [
      {
        "text": "nothing else thanks",
        "userDefined": false
      }
    ],
    "isTemplate": false,
    "count": 0,
    "updated": 0
  },
  {
    "id": "8c62b924-bdbd-4e85-96fc-3a9b9f9f91c4",
    "data": [
      {
        "text": "no thanks",
        "userDefined": false
      }
    ],
    "isTemplate": false,
    "count": 0,
    "updated": 0
  },
  {
    "id": "1163eb20-f9c8-45a4-8aed-1d878defc215",
    "data": [
      {
        "text": "no that\u0027s ok",
        "userDefined": false
      }
    ],
    "isTemplate": false,
    "count": 1,
    "updated": 0
  },
  {
    "id": "fe42cb75-800a-485d-8e89-84e60c42157c",
    "data": [
      {
        "text": "I don\u0027t want that",
        "userDefined": false
      }
    ],
    "isTemplate": false,
    "count": 0,
    "updated": 0
  },
  {
    "id": "5fb96f9c-c161-44dc-986f-a22821b185fc",
    "data": [
      {
        "text": "definitely not",
        "userDefined": false
      }
    ],
    "isTemplate": false,
    "count": 3,
    "updated": 0
  },
  {
    "id": "579f6539-c4ca-43da-84e2-40d20e92f950",
    "data": [
      {
        "text": "nothing else",
        "userDefined": false
      }
    ],
    "isTemplate": false,
    "count": 1,
    "updated": 0
  },
  {
    "id": "08b18f63-5b01-4a82-9fda-b4661304b78c",
    "data": [
      {
        "text": "not",
        "userDefined": false
      }
    ],
    "isTemplate": false,
    "count": 0,
    "updated": 0
  },
  {
    "id": "b23295fa-aa1a-4cc7-8d53-9f5e1503feac",
    "data": [
      {
        "text": "not at all",
        "userDefined": false
      }
    ],
    "isTemplate": false,
    "count": 0,
    "updated": 0
  },
  {
    "id": "ff28c1f9-1841-4643-8a2f-84270c59b229",
    "data": [
      {
        "text": "no never",
        "userDefined": false
      }
    ],
    "isTemplate": false,
    "count": 0,
    "updated": 0
  },
  {
    "id": "336b822f-2718-418f-8b7b-74400b758198",
    "data": [
      {
        "text": "never",
        "userDefined": false
      }
    ],
    "isTemplate": false,
    "count": 0,
    "updated": 0
  },
  {
    "id": "6a97dbb5-602e-4c1f-908c-091dd2b1c70d",
    "data": [
      {
        "text": "no way no",
        "userDefined": false
      }
    ],
    "isTemplate": false,
    "count": 0,
    "updated": 0
  },
  {
    "id": "5b3b0713-3756-4ec9-8599-df3070d42fbc",
    "data": [
      {
        "text": "not really",
        "userDefined": false
      }
    ],
    "isTemplate": false,
    "count": 0,
    "updated": 0
  },
  {
    "id": "5b949bd5-78f4-469f-abdc-4db74a139011",
    "data": [
      {
        "text": "nah",
        "userDefined": false
      }
    ],
    "isTemplate": false,
    "count": 2,
    "updated": 0
  },
  {
    "id": "e3640c51-796a-4145-91d0-3ccaf8be85c8",
    "data": [
      {
        "text": "I don\u0027t",
        "userDefined": false
      }
    ],
    "isTemplate": false,
    "count": 0,
    "updated": 0
  },
  {
    "id": "2803db7a-a739-406e-9a09-21141c24b922",
    "data": [
      {
        "text": "I don\u0027t want",
        "userDefined": false
      }
    ],
    "isTemplate": false,
    "count": 0,
    "updated": 0
  },
  {
    "id": "01e5d206-5f01-42eb-af25-d7128e228838",
    "data": [
      {
        "text": "not ",
        "userDefined": false
      },
      {
        "text": "today",
        "meta": "@sys.ignore",
        "userDefined": false
      }
    ],
    "isTemplate": false,
    "count": 0,
    "updated": 0
  },
  {
    "id": "031fe069-6b5a-4c4b-8fce-dfa531992924",
    "data": [
      {
        "text": "not interested",
        "userDefined": false
      }
    ],
    "isTemplate": false,
    "count": 0,
    "updated": 0
  },
  {
    "id": "f188fa5a-8675-43d1-b595-74055134f0fa",
    "data": [
      {
        "text": "no that\u0027s fine thank you",
        "userDefined": false
      }
    ],
    "isTemplate": false,
    "count": 0,
    "updated": 0
  },
  {
    "id": "7a043c0c-0aff-46b7-b3e9-a19317b582a6",
    "data": [
      {
        "text": "I\u0027m not",
        "userDefined": false
      }
    ],
    "isTemplate": false,
    "count": 3,
    "updated": 0
  }
]