[
  {
    "id": "8470a5d7-45d8-4577-835a-54592440fa61",
    "data": [
      {
        "text": "prerequisite to join ",
        "userDefined": false
      },
      {
        "text": "gym",
        "alias": "nearby",
        "meta": "@Nearby",
        "userDefined": false
      }
    ],
    "isTemplate": false,
    "count": 0,
    "updated": 0
  },
  {
    "id": "7a69b4b8-9519-494d-aa3a-b2e231991ac0",
    "data": [
      {
        "text": "Prerequisite for ",
        "userDefined": false
      },
      {
        "text": "gym",
        "alias": "nearby",
        "meta": "@Nearby",
        "userDefined": false
      }
    ],
    "isTemplate": false,
    "count": 0,
    "updated": 0
  },
  {
    "id": "4ef1a9d4-94fb-4fb0-acc2-e1ba1e5dcec2",
    "data": [
      {
        "text": "Are there any prerequisite to join ",
        "userDefined": false
      },
      {
        "text": "gym",
        "alias": "nearby",
        "meta": "@Nearby",
        "userDefined": false
      },
      {
        "text": "?",
        "userDefined": false
      }
    ],
    "isTemplate": false,
    "count": 0,
    "updated": 0
  }
]