[
  {
    "id": "2b00a664-198e-4c4a-9ddb-9632446f9db5",
    "data": [
      {
        "text": "How was my ",
        "userDefined": false
      },
      {
        "text": "yesterday",
        "alias": "date-time",
        "meta": "@sys.date-time",
        "userDefined": false
      },
      {
        "text": "?",
        "userDefined": false
      }
    ],
    "isTemplate": false,
    "count": 0,
    "updated": 0
  },
  {
    "id": "3fdb4ff6-dced-4f35-ae3f-2bb018a85210",
    "data": [
      {
        "text": "How was my day ",
        "userDefined": false
      },
      {
        "text": "Yesterday",
        "alias": "date-time",
        "meta": "@sys.date-time",
        "userDefined": false
      },
      {
        "text": "?",
        "userDefined": false
      }
    ],
    "isTemplate": false,
    "count": 0,
    "updated": 0
  }
]