[
  {
    "id": "599edf62-e023-4dab-baeb-aba630a0d787",
    "data": [
      {
        "text": "How was my Intake of water yesterday?",
        "userDefined": false
      }
    ],
    "isTemplate": false,
    "count": 0,
    "updated": 0
  },
  {
    "id": "6919918a-8ba9-4f40-927b-921f5a81d71b",
    "data": [
      {
        "text": "How was my Intake of water ",
        "userDefined": false
      },
      {
        "text": "yesterday",
        "alias": "date-time",
        "meta": "@sys.date-time",
        "userDefined": false
      },
      {
        "text": "?",
        "userDefined": false
      }
    ],
    "isTemplate": false,
    "count": 0,
    "updated": 0
  }
]