[
  {
    "id": "d6726f34-c4e0-461f-b756-d8086796e593",
    "data": [
      {
        "text": "OK",
        "userDefined": false
      }
    ],
    "isTemplate": false,
    "count": 0,
    "updated": 0
  },
  {
    "id": "52d2edba-72bc-4911-8a53-fc06671205b2",
    "data": [
      {
        "text": "Thanks",
        "userDefined": false
      }
    ],
    "isTemplate": false,
    "count": 0,
    "updated": 0
  },
  {
    "id": "aaf97c2b-b617-4fb4-9dba-de4b0800c97b",
    "data": [
      {
        "text": "Thanks that was helpful.",
        "userDefined": false
      }
    ],
    "isTemplate": false,
    "count": 0,
    "updated": 0
  }
]