[
  {
    "id": "a1b609d1-b8d3-4eee-9965-4ad717c60ddf",
    "data": [
      {
        "text": "immunity booster food",
        "userDefined": false
      }
    ],
    "isTemplate": false,
    "count": 0,
    "updated": 0
  },
  {
    "id": "70597b83-ccd1-4946-b3c9-28338c0efd96",
    "data": [
      {
        "text": "suggest me some immunity booster food?",
        "userDefined": false
      }
    ],
    "isTemplate": false,
    "count": 0,
    "updated": 0
  },
  {
    "id": "b631e7dd-512a-4bb1-b45c-81103fbbfa8b",
    "data": [
      {
        "text": "Can you suggest me some immunity booster food?",
        "userDefined": false
      }
    ],
    "isTemplate": false,
    "count": 0,
    "updated": 0
  },
  {
    "id": "a14d6843-fd2d-4f06-966d-7ded24e2e381",
    "data": [
      {
        "text": "Yes, Can you suggest me some immunity booster food?",
        "userDefined": false
      }
    ],
    "isTemplate": false,
    "count": 0,
    "updated": 0
  }
]