[
  {
    "id": "12c519fe-7654-4e59-a85a-2c3a2d2ba368",
    "data": [
      {
        "text": "someone ",
        "userDefined": false
      },
      {
        "text": "else",
        "alias": "given-name",
        "meta": "@sys.given-name",
        "userDefined": false
      }
    ],
    "isTemplate": false,
    "count": 0,
    "updated": 0
  },
  {
    "id": "59f125d3-b553-4814-a1d9-7a864018a8f4",
    "data": [
      {
        "text": "Myself",
        "userDefined": false
      }
    ],
    "isTemplate": false,
    "count": 0,
    "updated": 0
  }
]