[
  {
    "id": "11c7705d-c80a-4d00-9e78-ae9864195671",
    "data": [
      {
        "text": "Video Chat",
        "userDefined": false
      }
    ],
    "isTemplate": false,
    "count": 0,
    "updated": 0
  },
  {
    "id": "1b77828d-ee91-4d02-b159-9adba231c6f0",
    "data": [
      {
        "text": "Connect via Phone",
        "userDefined": false
      }
    ],
    "isTemplate": false,
    "count": 0,
    "updated": 0
  },
  {
    "id": "656bdd5c-37df-47bc-bb96-a33f9ffc6b2d",
    "data": [
      {
        "text": "Text Message",
        "userDefined": false
      }
    ],
    "isTemplate": false,
    "count": 0,
    "updated": 0
  }
]