[
  {
    "id": "cb40cce9-cece-4bfa-b24a-0f79c7155d9d",
    "data": [
      {
        "text": "Short Breathing",
        "userDefined": false
      }
    ],
    "isTemplate": false,
    "count": 0,
    "updated": 0
  },
  {
    "id": "d01ba780-d613-4288-88d7-15bad9f4d393",
    "data": [
      {
        "text": "Headache",
        "userDefined": false
      }
    ],
    "isTemplate": false,
    "count": 0,
    "updated": 0
  },
  {
    "id": "83f28ba6-a225-46ca-a642-81c5bc58393d",
    "data": [
      {
        "text": "Cold",
        "userDefined": false
      }
    ],
    "isTemplate": false,
    "count": 0,
    "updated": 0
  },
  {
    "id": "5bcf2b7d-cfdc-463e-8ea7-415afa9aa655",
    "data": [
      {
        "text": "Headache,",
        "userDefined": false
      }
    ],
    "isTemplate": false,
    "count": 0,
    "updated": 0
  },
  {
    "id": "63f48056-b012-4020-9e3c-2d1cd0b0f833",
    "data": [
      {
        "text": "Cough \u0026 mild fever",
        "userDefined": false
      }
    ],
    "isTemplate": false,
    "count": 0,
    "updated": 0
  }
]