[
  {
    "id": "c549c1a7-b433-4747-85f7-1e59474086c3",
    "data": [
      {
        "text": "Talk to Lifestyle Coach",
        "userDefined": false
      }
    ],
    "isTemplate": false,
    "count": 0,
    "updated": 0
  },
  {
    "id": "0b22ce2f-443b-457b-95b7-27807856d182",
    "data": [
      {
        "text": "Alice The Lifestyle Coach",
        "userDefined": false
      }
    ],
    "isTemplate": false,
    "count": 0,
    "updated": 0
  },
  {
    "id": "c9c070f9-9364-40f0-8381-05de71c5586d",
    "data": [
      {
        "text": "Talk to Alice The Lifestyle Coach",
        "userDefined": false
      }
    ],
    "isTemplate": false,
    "count": 0,
    "updated": 0
  },
  {
    "id": "37880117-3240-4aaa-92f7-0bd5b62a6cd5",
    "data": [
      {
        "text": "how can you help?",
        "userDefined": false
      }
    ],
    "isTemplate": false,
    "count": 0,
    "updated": 0
  },
  {
    "id": "84d3c5e1-1193-487f-9c2b-deba3517ea53",
    "data": [
      {
        "text": "How can you assist me",
        "userDefined": false
      }
    ],
    "isTemplate": false,
    "count": 0,
    "updated": 0
  },
  {
    "id": "339d1e81-c66b-4aa6-afde-f5731205d225",
    "data": [
      {
        "text": "Hello",
        "userDefined": false
      }
    ],
    "isTemplate": false,
    "count": 0,
    "updated": 0
  },
  {
    "id": "ff984d1b-04c0-420f-9e9a-a26438488bc7",
    "data": [
      {
        "text": "Hello\\",
        "userDefined": false
      }
    ],
    "isTemplate": false,
    "count": 0,
    "updated": 0
  },
  {
    "id": "0882ed9b-3524-4d48-b3af-332b1337ffa2",
    "data": [
      {
        "text": "Hey",
        "userDefined": false
      }
    ],
    "isTemplate": false,
    "count": 1,
    "updated": 0
  }
]