[
  {
    "id": "85cc1535-8d72-4d53-823e-89a385124942",
    "data": [
      {
        "text": "काफ़ी दिनों से बात नहीं हुई",
        "userDefined": false
      }
    ],
    "isTemplate": false,
    "count": 0,
    "updated": 0
  },
  {
    "id": "de7cfdf0-1a40-4a85-9232-ebe38a6cba71",
    "data": [
      {
        "text": "नमस्कार",
        "userDefined": false
      }
    ],
    "isTemplate": false,
    "count": 1,
    "updated": 0
  },
  {
    "id": "583f86c0-e99d-42df-8556-462326d4587d",
    "data": [
      {
        "text": "नमस्ते",
        "userDefined": false
      }
    ],
    "isTemplate": false,
    "count": 3,
    "updated": 0
  },
  {
    "id": "fdc83cae-d55c-4809-8b94-1bf721ef6f68",
    "data": [
      {
        "text": "क्या हाल है",
        "userDefined": false
      }
    ],
    "isTemplate": false,
    "count": 0,
    "updated": 0
  },
  {
    "id": "c87590a5-b5a2-4819-9830-8c4556d5a748",
    "data": [
      {
        "text": "सुनो, क्या हाल है",
        "userDefined": false
      }
    ],
    "isTemplate": false,
    "count": 0,
    "updated": 0
  },
  {
    "id": "bd466df9-bb14-4079-837b-508525265f2f",
    "data": [
      {
        "text": "मेरी तरफ़ से नमस्ते",
        "userDefined": false
      }
    ],
    "isTemplate": false,
    "count": 0,
    "updated": 0
  }
]