[
  {
    "id": "dedcdb22-3967-457c-935e-411f727eaf77",
    "data": [
      {
        "text": "show ",
        "userDefined": false
      },
      {
        "text": "nearby",
        "meta": "@sys.ignore",
        "userDefined": false
      },
      {
        "text": " zym in ",
        "userDefined": false
      },
      {
        "text": "whitefield",
        "alias": "location",
        "meta": "@sys.location",
        "userDefined": true
      }
    ],
    "isTemplate": false,
    "count": 0,
    "updated": 0
  },
  {
    "id": "b155f567-dd52-4ac6-a8cf-ea70b4c81516",
    "data": [
      {
        "text": "show ",
        "userDefined": false
      },
      {
        "text": "nearby",
        "meta": "@sys.ignore",
        "userDefined": false
      },
      {
        "text": " hospitals in ",
        "userDefined": false
      },
      {
        "text": "whitefield",
        "alias": "location",
        "meta": "@sys.location",
        "userDefined": true
      }
    ],
    "isTemplate": false,
    "count": 0,
    "updated": 0
  },
  {
    "id": "80ac8f79-0791-4205-ac7b-1b7459a894b0",
    "data": [
      {
        "text": "whitefield road",
        "userDefined": false
      }
    ],
    "isTemplate": false,
    "count": 0,
    "updated": 0
  },
  {
    "id": "42073e93-3592-4264-95d0-7276c4915c35",
    "data": [
      {
        "text": "whitefield",
        "userDefined": false
      }
    ],
    "isTemplate": false,
    "count": 0,
    "updated": 0
  }
]