[
  {
    "value": "sad",
    "synonyms": [
      "sad"
    ]
  },
  {
    "value": "Anxious",
    "synonyms": [
      "Anxious"
    ]
  },
  {
    "value": "Depressed",
    "synonyms": [
      "Depressed"
    ]
  },
  {
    "value": "happy",
    "synonyms": [
      "happy"
    ]
  },
  {
    "value": "angry",
    "synonyms": [
      "angry"
    ]
  },
  {
    "value": "sick",
    "synonyms": [
      "sad"
    ]
  },
  {
    "value": "content",
    "synonyms": [
      "content"
    ]
  },
  {
    "value": "Distressed",
    "synonyms": [
      "Distressed"
    ]
  }
]